Call Number/ID,image files
Lewis E M 1:2,mcai010021.tif|mcai010022.tif|
Lewis E M 1:3,mcai010031.tif|mcai010032.tif|
Lewis E M 1:4,mcai010041.tif|mcai010042.tif|
Lewis E M 1:5,mcai010051.tif|mcai010052.tif|
Lewis E M 1:6,mcai010061.tif|mcai010062.tif|
Lewis E M 1:7,mcai010071.tif|mcai010072.tif|
Lewis E M 1:8,mcai010081.tif|mcai010082.tif|
Lewis E M 1:9,mcai010091.tif|mcai010092.tif|
Lewis E M 1:10,mcai010101.tif|mcai010102.tif|
Lewis E M 1:11,mcai010111.tif|mcai010112.tif|
Lewis E M 1:12,mcai010121.tif|mcai010122.tif|
Lewis E M 1:13,mcai010131.tif|
Lewis E M 1:14,mcai010141.tif|
Lewis E M 1:15,mcai010151.tif|
Lewis E M 1:15A,mcai010153.tif|
Lewis E M 1:16,mcai010161.tif|mcai010162.tif|
Lewis E M 1:17,mcai010173.tif|mcai010174.tif|mcai010175.tif|mcai010176.tif|
Lewis E M 1:18,mcai010181.tif|mcai010182.tif|
Lewis E M 1:19,mcai010191.tif|mcai010192.tif|
Lewis E M 1:20,mcai010201.tif|mcai010202.tif|
Lewis E M 1:21,mcai010211.tif|mcai010212.tif|
Lewis E M 1:22,mcai010221.tif|mcai010222.tif|
Lewis E M 1:23,mcai010231.tif|
Lewis E M 1:24,mcai010241.tif|mcai010242.tif|
Lewis E M 1:25,mcai010251.tif|mcai010252.tif|
Lewis E M 1:26,mcai010261.tif|mcai010262.tif|
Lewis E M 1:27,mcai010271.tif|mcai010272.tif|
Lewis E M 1:28,mcai010281.tif|mcai010282.tif|
Lewis E M 1:29,mcai010291.tif|mcai010292.tif|
Lewis E M 2:1,mcai020011.tif|mcai020012.tif|
Lewis E M 2:2,mcai020021.tif|mcai020022.tif|
Lewis E M 2:3,mcai020031.tif|mcai020032.tif|
Lewis E M 2:4,mcai020041.tif|mcai020042.tif|
Lewis E M 2:5,mcai020051.tif|mcai020052.tif|
Lewis E M 2:6,mcai020061.tif|mcai020062.tif|
Lewis E M 2:7,mcai020071.tif|
Lewis E M 2:8,mcai020080.tif|mcai020083.tif|mcai020084.tif|mcai020085.tif|mcai020086.tif|mcai020087.tif|mcai020088.tif|mcai020089.tif|
Lewis E M 2:9,mcai020091.tif|mcai020092.tif|
Lewis E M 2:10,mcai020101.tif|mcai020102.tif|
Lewis E M 2:11,mcai020111.tif|mcai020112.tif|
Lewis E M 2:12,mcai020121.tif|mcai020122.tif|
Lewis E M 2:13,mcai020131.tif|mcai020132.tif|
Lewis E M 2:14,mcai020141.tif|mcai020142.tif|
Lewis E M 3:1,mcai030011.tif|
Lewis E M 3:2,mcai030021.tif|
Lewis E M 3:3,mcai030031.tif|
Lewis E M 3:4,mcai030041.tif|
Lewis E M 3:5,mcai030051.tif|
Lewis E M 3:6,mcai030061.tif|
Lewis E M 3:7,mcai030071.tif|
Lewis E M 3:8,mcai030081.tif|
Lewis E M 3:9,mcai030091.tif|
Lewis E M 3:10,mcai030101.tif|
Lewis E M 3:11,mcai030111.tif|
Lewis E M 3:12,mcai030121.tif|
Lewis E M 3:13,mcai030131.tif|
Lewis E M 3:14,mcai030141.tif|
Lewis E M 3:15,mcai030151.tif|
Lewis E M 3:16,mcai030161.tif|
Lewis E M 3:17,mcai030171.tif|
Lewis E M 3:18,mcai030181.tif|
Lewis E M 3:19,mcai030191.tif|
Lewis E M 3:20,mcai030201.tif|
Lewis E M 3:21,mcai030211.tif|
Lewis E M 3:22,mcai030221.tif|
Lewis E M 3:23,mcai030231.tif|
Lewis E M 3:24,mcai030241.tif|
Lewis E M 3:25,mcai030251.tif|
Lewis E M 3:26,mcai030261.tif|
Lewis E M 3:27,mcai030271.tif|
Lewis E M 3:28,mcai030281.tif|
Lewis E M 4:1,mcai040011.tif|mcai040012.tif|
Lewis E M 4:2,mcai040021.tif|mcai040022.tif|
Lewis E M 4:3,mcai040031.tif|mcai040032.tif|
Lewis E M 4:4,mcai040043.tif|mcai040044.tif|mcai040045.tif|mcai040046.tif|mcai040047.tif|mcai040048.tif|
Lewis E M 4:5,mcai040053.tif|mcai040054.tif|mcai040055.tif|mcai040056.tif|mcai040057.tif|mcai040058.tif|
Lewis E M 4:6,mcai040061.tif|mcai040062.tif|
Lewis E M 4:7,mcai040071.tif|mcai040072.tif|
Lewis E M 4:8,mcai040081.tif|mcai040082.tif|
Lewis E M 4:9,mcai040091.tif|mcai040092.tif|
Lewis E M 4:10,mcai040101.tif|mcai040102.tif|
Lewis E M 4:11,mcai040111.tif|mcai040112.tif|
Lewis E M 4:12,mcai040121.tif|mcai040122.tif|
Lewis E M 4:13,mcai040131.tif|mcai040132.tif|
Lewis E M 4:14,mcai040141.tif|mcai040142.tif|
Lewis E M 5:1,mcai050011.tif|mcai050012.tif|
Lewis E M 5:2,mcai050021.tif|mcai050022.tif|
Lewis E M 5:3,mcai050031.tif|mcai050032.tif|
Lewis E M 5:4,mcai050041.tif|mcai050042.tif|
Lewis E M 5:5,mcai050051.tif|mcai050052.tif|
Lewis E M 5:6,mcai050061.tif|mcai050062.tif|
Lewis E M 5:7,mcai050071.tif|
Lewis E M 5:8,mcai050083.tif|mcai050084.tif|mcai050085.tif|mcai050086.tif|mcai050087.tif|mcai050088.tif|
Lewis E M 5:9,mcai050091.tif|mcai050092.tif|
Lewis E M 5:10,mcai050103.tif|mcai050104.tif|mcai050105.tif|mcai050106.tif|
Lewis E M 5:11,mcai050111.tif|mcai050112.tif|
Lewis E M 5:12,mcai050121.tif|mcai050122.tif|
Lewis E M 5:13,mcai050133.tif|mcai050135.tif|mcai050137.tif|mcai050139.tif|
Lewis E M 5:14,mcai050141.tif|mcai050142.tif|
Lewis E M 5:15,mcai050151.tif|mcai050152.tif|
Lewis E M 5:16,mcai050163.tif|mcai050165.tif|mcai050167.tif|
Lewis E M 5:17,mcai050171.tif|mcai050172.tif|
Lewis E M 5:18,mcai050181.tif|mcai050182.tif|
Lewis E M 5:19,mcai050191.tif|mcai050192.tif|
Lewis E M 5:20,mcai050201.tif|mcai050202.tif|
Lewis E M 5:21,mcai050211.tif|mcai050212.tif|
Lewis E M 5:21A,mcai050213.tif|mcai050214.tif|
Lewis E M 5:22,mcai050221.tif|mcai050222.tif|
Lewis E M 5:23,mcai050231.tif|mcai050232.tif|
Lewis E M 5:24,mcai050241.tif|mcai050242.tif|
Lewis E M 5:25,mcai050251.tif|mcai050252.tif|
Lewis E M 5:26,mcai050261.tif|mcai050262.tif|
Lewis E M 5:27,mcai050271.tif|mcai050272.tif|
Lewis E M 6:1,mcai060011.tif|mcai060012.tif|
Lewis E M 6:2,mcai060021.tif|mcai060022.tif|
Lewis E M 6:3,mcai060031.tif|mcai060032.tif|
Lewis E M 6:4,mcai060041.tif|mcai060042.tif|
Lewis E M 6:5,mcai060051.tif|mcai060052.tif|
Lewis E M 6:6,mcai060061.tif|mcai060062.tif|
Lewis E M 6:7,mcai060071.tif|mcai060072.tif|
Lewis E M 7:1,mcai070011.tif|mcai070012.tif|
Lewis E M 7:2,mcai070021.tif|mcai070022.tif|
Lewis E M 7:3,mcai070031.tif|mcai070032.tif|
Lewis E M 7:4,mcai070041.tif|
Lewis E M 7:5,mcai070051.tif|
Lewis E M 7:6a-l,mcai070061.tif|
Lewis E M 7:7a-j,mcai070071.tif|mcai070072.tif|
Lewis E M 7:8,mcai070081.tif|mcai070082.tif|
Lewis E M 7:9,mcai070091.tif|mcai070092.tif|
Lewis E M 7:10,mcai070101.tif|mcai070102.tif|
Lewis E M 7:11,mcai070111.tif|mcai070112.tif|
Lewis E M 8:1,mcai080011.tif|mcai080012.tif|
Lewis E M 8:2,mcai080021.tif|mcai080022.tif|
Lewis E M 8:3,mcai080031.tif|mcai080032.tif|
Lewis E M 8:4,mcai080041.tif|mcai080042.tif|
Lewis E M 8:5,mcai080051.tif|mcai080052.tif|
Lewis E M 8:6,mcai080061.tif|mcai080062.tif|
Lewis E M 8:7,mcai080071.tif|mcai080072.tif|
Lewis E M 8:8,mcai080081.tif|mcai080082.tif|
Lewis E M 8:9,mcai080091.tif|mcai080092.tif|
Lewis E M 8:10,mcai080101.tif|mcai080102.tif|
Lewis E M 8:11,mcai080111.tif|mcai080112.tif|
Lewis E M 8:12,mcai080121.tif|mcai080122.tif|
Lewis E M 8:13a-d,mcai080131.tif|mcai080132.tif|mcai080133.tif|mcai080134.tif|mcai080135.tif|mcai080136.tif|mcai080137.tif|mcai080138.tif|
Lewis E M 8:14a-d,mcai080141.tif|mcai080142.tif|mcai080143.tif|mcai080144.tif|mcai080145.tif|mcai080146.tif|mcai080147.tif|mcai080148.tif|
Lewis E M 8:15a-d,mcai080151.tif|mcai080152.tif|mcai080153.tif|mcai080154.tif|mcai080155.tif|mcai080156.tif|mcai080157.tif|mcai080158.tif|
Lewis E M 8:16a-c,mcai080163.tif|mcai080164.tif|mcai080165.tif|mcai080166.tif|mcai080167.tif|mcai080168.tif|
Lewis E M 8:17a-c,mcai080173.tif|mcai080174.tif|mcai080175.tif|mcai080176.tif|mcai080177.tif|mcai080178.tif|
Lewis E M 8:18a-c,mcai080183.tif|mcai080184.tif|mcai080185.tif|mcai080186.tif|mcai080187.tif|mcai080188.tif|
Lewis E M 8:19,mcai080191.tif|mcai080192.tif|
Lewis E M 8:20,mcai080201.tif|mcai080202.tif|
Lewis E M 8:21,mcai080211.tif|mcai080212.tif|
Lewis E M 8:22,mcai080221.tif|mcai080222.tif|
Lewis E M 8:23,mcai080231.tif|mcai080232.tif|
Lewis E M 8:24,mcai080241.tif|mcai080242.tif|
Lewis E M 9:1,mcai090011.tif|mcai090012.tif|
Lewis E M 9:2,mcai090021.tif|mcai090022.tif|
Lewis E M 9:3,mcai090031.tif|mcai090032.tif|
Lewis E M 9:4,mcai090041.tif|mcai090042.tif|
Lewis E M 9:5,mcai090051.tif|mcai090052.tif|
Lewis E M 9:6,mcai090061.tif|mcai090062.tif|
Lewis E M 9:6A,mcai090063.tif|mcai090064.tif|
Lewis E M 9:7,mcai090071.tif|mcai090072.tif|
Lewis E M 9:8,mcai090081.tif|mcai090082.tif|
Lewis E M 9:8A,mcai090083.tif|mcai090084.tif|
Lewis E M 9:8B,mcai090085.tif|mcai090086.tif|
Lewis E M 9:8C,mcai090087.tif|mcai090088.tif|
Lewis E M 9:9,mcai090091.tif|mcai090092.tif|
Lewis E M 9:10,mcai090101.tif|mcai090102.tif|
Lewis E M 9:11,mcai090111.tif|mcai090112.tif|
Lewis E M 9:12,mcai090121.tif|mcai090122.tif|
Lewis E M 9:13,mcai090131.tif|mcai090132.tif|
Lewis E M 9:14,mcai090141.tif|mcai090142.tif|
Lewis E M 9:14A,mcai090143.tif|mcai090144.tif|
Lewis E M 9:15,mcai090150.tif|mcai090153.tif|mcai090154.tif|mcai090155.tif|mcai090156.tif|mcai090157.tif|mcai090158.tif|mcai090159.tif|
Lewis E M 9:16a-d,mcai090161.tif|mcai090162.tif|
Lewis E M 9:16A,mcai090163.tif|mcai090164.tif|
Lewis E M 9:16B,mcai090165.tif|mcai090166.tif|
Lewis E M 9:17,mcai090171.tif|mcai090172.tif|
Lewis E M 9:17A,mcai090173.tif|mcai090174.tif|
Lewis E M 9:18,mcai090181.tif|mcai090182.tif|
Lewis E M 9:19,mcai090191.tif|mcai090192.tif|
Lewis E M 9:20,mcai090201.tif|mcai090202.tif|
Lewis E M 9:21,mcai090211.tif|mcai090212.tif|
Lewis E M 9:22,mcai090221.tif|mcai090222.tif|
Lewis E M 9:23,mcai090231.tif|mcai090232.tif|
Lewis E M 9:24,mcai090241.tif|mcai090242.tif|
Lewis E M 9:25,mcai090251.tif|mcai090252.tif|
Lewis E M 9:26,mcai090261.tif|mcai090262.tif|
Lewis E M 9:27,mcai090271.tif|mcai090272.tif|
Lewis E M 10:1,mcai100011.tif|mcai100012.tif|
Lewis E M 10:2,mcai100021.tif|mcai100022.tif|
Lewis E M 10:3,mcai100031.tif|mcai100032.tif|
Lewis E M 10:4,mcai100041.tif|mcai100042.tif|
Lewis E M 10:4A,mcai100043.tif|mcai100044.tif|
Lewis E M 10:4B,mcai100045.tif|mcai100046.tif|
Lewis E M 10:5,mcai100051.tif|mcai100052.tif|
Lewis E M 10:6,mcai100061.tif|mcai100062.tif|
Lewis E M 10:7,mcai100071.tif|mcai100072.tif|
Lewis E M 10:8,mcai100083.tif|mcai100084.tif|mcai100085.tif|mcai100086.tif|
Lewis E M 10:9,mcai100091.tif|mcai100092.tif|
Lewis E M 10:10,mcai100101.tif|mcai100102.tif|
Lewis E M 10:11,mcai100111.tif|mcai100112.tif|
Lewis E M 10:12,mcai100121.tif|mcai100122.tif|
Lewis E M 10:13,mcai100131.tif|mcai100132.tif|
Lewis E M 11:1,mcai110011.tif|mcai110012.tif|
Lewis E M 11:1A,mcai110013.tif|mcai110014.tif|
Lewis E M 11:2,mcai110021.tif|mcai110022.tif|
Lewis E M 11:3,mcai110031.tif|mcai110032.tif|
Lewis E M 11:4,mcai110041.tif|mcai110042.tif|
Lewis E M 11:5,mcai110051.tif|mcai110052.tif|
Lewis E M 11:6,mcai110061.tif|mcai110062.tif|
Lewis E M 11:7,mcai110071.tif|mcai110072.tif|
Lewis E M 11:8,mcai110081.tif|mcai110082.tif|
Lewis E M 11:9,mcai110091.tif|mcai110092.tif|
Lewis E M 11:10,mcai110101.tif|mcai110102.tif|
Lewis E M 11:10A,mcai110103.tif|mcai110104.tif|
Lewis E M 11:10B,mcai110105.tif|mcai110106.tif|
Lewis E M 11:11,mcai110111.tif|mcai110112.tif|
Lewis E M 11:12,mcai110121.tif|mcai110122.tif|
Lewis E M 11:13,mcai110131.tif|mcai110132.tif|
Lewis E M 11:14,mcai110141.tif|mcai110142.tif|
Lewis E M 11:15A,mcai110153.tif|mcai110154.tif|
Lewis E M 11:15B,mcai110155.tif|mcai110156.tif|
Lewis E M 11:16,mcai110161.tif|mcai110162.tif|
Lewis E M 11:17,mcai110171.tif|mcai110172.tif|
Lewis E M 11:18,mcai110181.tif|mcai110182.tif|
Lewis E M 11:19,mcai110191.tif|mcai110192.tif|
Lewis E M 11:20,mcai110201.tif|mcai110202.tif|
Lewis E M 11:21,mcai110211.tif|mcai110212.tif|
Lewis E M 11:22,mcai110221.tif|mcai110222.tif|
Lewis E M 11:23,mcai110231.tif|mcai110232.tif|
Lewis E M 11:24,mcai110241.tif|mcai110242.tif|
Lewis E M 11:25,mcai110251.tif|mcai110252.tif|
Lewis E M 11:26,mcai110261.tif|mcai110262.tif|
Lewis E M 11:27,mcai110271.tif|mcai110272.tif|
Lewis E M 11:28,mcai110281.tif|mcai110282.tif|
Lewis E M 11:29,mcai110291.tif|mcai110292.tif|
Lewis E M 12:1,mcai120011.tif|mcai120012.tif|
Lewis E M 12:2,mcai120023.tif|mcai120024.tif|mcai120025.tif|mcai120026.tif|
Lewis E M 12:3,mcai120031.tif|mcai120032.tif|
Lewis E M 12:4,mcai120041.tif|mcai120042.tif|
Lewis E M 12:5,mcai120051.tif|mcai120052.tif|
Lewis E M 12:6,mcai120061.tif|mcai120062.tif|
Lewis E M 12:7,mcai120071.tif|mcai120072.tif|
Lewis E M 12:8,mcai120081.tif|mcai120082.tif|
Lewis E M 12:9,mcai120091.tif|mcai120092.tif|
Lewis E M 12:10,mcai120101.tif|mcai120102.tif|
Lewis E M 12:11,mcai120111.tif|mcai120112.tif|
Lewis E M 12:12,mcai120121.tif|mcai120122.tif|
Lewis E M 12:13,mcai120131.tif|mcai120132.tif|
Lewis E M 12:14,mcai120141.tif|mcai120142.tif|
Lewis E M 12:15,mcai120151.tif|mcai120152.tif|
Lewis E M 12:16,mcai120161.tif|
Lewis E M 12:17,mcai120171.tif|mcai120172.tif|
Lewis E M 12:18,mcai120181.tif|mcai120182.tif|
Lewis E M 12:19,mcai120191.tif|mcai120192.tif|
Lewis E M 12:20,mcai120201.tif|mcai120202.tif|
Lewis E M 12:21,mcai120211.tif|mcai120212.tif|
Lewis E M 12:22,mcai120221.tif|mcai120222.tif|
Lewis E M 12:23,mcai120231.tif|
Lewis E M 12:24,mcai120241.tif|mcai120242.tif|
Lewis E M 12:25,mcai120251.tif|mcai120252.tif|
Lewis E M 13:1,mcai130011.tif|mcai130012.tif|
Lewis E M 13:2,mcai130021.tif|mcai130022.tif|
Lewis E M 13:3,mcai130031.tif|mcai130032.tif|
Lewis E M 13:4,mcai130041.tif|mcai130042.tif|
Lewis E M 13:5,mcai130051.tif|mcai130052.tif|
Lewis E M 13:6,mcai130061.tif|mcai130062.tif|
Lewis E M 13:7,mcai130071.tif|mcai130072.tif|
Lewis E M 13:8,mcai130081.tif|mcai130082.tif|
Lewis E M 13:9,mcai130091.tif|mcai130092.tif|
Lewis E M 13:10,mcai130101.tif|mcai130102.tif|
Lewis E M 13:11,mcai130111.tif|mcai130112.tif|
Lewis E M 13:12,mcai130121.tif|mcai130122.tif|
Lewis E M 13:13,mcai130131.tif|mcai130132.tif|
Lewis E M 13:14,mcai130141.tif|mcai130142.tif|
Lewis E M 13:15,mcai130151.tif|mcai130152.tif|
Lewis E M 13:16,mcai130161.tif|mcai130162.tif|
Lewis E M 13:17,mcai130171.tif|mcai130172.tif|
Lewis E M 13:18,mcai130181.tif|mcai130182.tif|
Lewis E M 13:19,mcai130191.tif|mcai130192.tif|
Lewis E M 14:1,mcai140011.tif|mcai140012.tif|
Lewis E M 14:2,mcai140021.tif|mcai140022.tif|
Lewis E M 14:3,mcai140031.tif|mcai140032.tif|
Lewis E M 14:4,mcai140041.tif|mcai140042.tif|
Lewis E M 14:5,mcai140051.tif|mcai140052.tif|
Lewis E M 14:6,mcai140061.tif|mcai140062.tif|
Lewis E M 14:7,mcai140071.tif|mcai140072.tif|
Lewis E M 14:8,mcai140081.tif|mcai140082.tif|
Lewis E M 14:9,mcai140091.tif|mcai140092.tif|
Lewis E M 14:10,mcai140101.tif|mcai140102.tif|
Lewis E M 14:11,mcai140111.tif|mcai140112.tif|
Lewis E M 14:12,mcai140121.tif|mcai140122.tif|
Lewis E M 14:13,mcai140131.tif|mcai140132.tif|
Lewis E M 14:14,mcai140141.tif|mcai140142.tif|
Lewis E M 14:15,mcai140151.tif|mcai140152.tif|
Lewis E M 14:16,mcai140161.tif|mcai140162.tif|
Lewis E M 14:17,mcai140171.tif|mcai140172.tif|
Lewis E M 15:1,mcai150011.tif|mcai150012.tif|
Lewis E M 15:2,mcai150021.tif|mcai150022.tif|
Lewis E M 15:3,mcai150031.tif|mcai150032.tif|
Lewis E M 15:4,mcai150041.tif|mcai150042.tif|
Lewis E M 15:5,mcai150051.tif|mcai150052.tif|
Lewis E M 15:6,mcai150061.tif|mcai150062.tif|
Lewis E M 15:7,mcai150071.tif|mcai150072.tif|
Lewis E M 15:8,mcai150081.tif|
Lewis E M 15:9,mcai150091.tif|
Lewis E M 15:10,mcai150101.tif|
Lewis E M 15:11,mcai150111.tif|
Lewis E M 15:12,mcai150121.tif|
Lewis E M 15:13,mcai150131.tif|
Lewis E M 15:14,mcai150141.tif|
Lewis E M 16:1,mcai160011.tif|mcai160012.tif|
Lewis E M 16:2,mcai160021.tif|mcai160022.tif|
Lewis E M 16:3,mcai160031.tif|mcai160032.tif|
Lewis E M 16:4,mcai160041.tif|mcai160042.tif|
Lewis E M 16:5,mcai160051.tif|mcai160052.tif|
Lewis E M 16:6,mcai160061.tif|mcai160062.tif|
Lewis E M 16:7,mcai160071.tif|mcai160072.tif|
Lewis E M 16:8-9,mcai160081.tif|mcai160082.tif|mcai160091.tif|mcai160092.tif|
Lewis E M 16:10,mcai160101.tif|mcai160102.tif|
Lewis E M 16:11,mcai160111.tif|mcai160112.tif|
Lewis E M 16:12,mcai160121.tif|mcai160122.tif|
Lewis E M 16:13,mcai160131.tif|mcai160132.tif|
Lewis E M 16:14,mcai160141.tif|mcai160142.tif|
Lewis E M 16:15,mcai160151.tif|mcai160152.tif|
Lewis E M 16:16,mcai160161.tif|mcai160162.tif|
Lewis E M 16:17,mcai160171.tif|mcai160172.tif|
Lewis E M 16:18,mcai160181.tif|mcai160182.tif|
Lewis E M 16:19,mcai160191.tif|mcai160192.tif|
Lewis E M 16:20,mcai160201.tif|mcai160202.tif|
Lewis E M 16:21,mcai160211.tif|mcai160212.tif|
Lewis E M 16:22,mcai160221.tif|mcai160222.tif|
Lewis E M 16:23,mcai160231.tif|mcai160232.tif|
Lewis E M 16:24-25,mcai160241.tif|mcai160242.tif|mcai160251.tif|mcai160252.tif|
Lewis E M 16:26-27,mcai160263.tif|mcai160264.tif|mcai160265.tif|mcai160266.tif|mcai160273.tif|mcai160274.tif|mcai160275.tif|mcai160276.tif|
Lewis E M 16:28-29,mcai160281.tif|mcai160282.tif|mcai160291.tif|mcai160292.tif|
Lewis E M 16:30,mcai160301.tif|mcai160302.tif|
Lewis E M 16:31,mcai160311.tif|mcai160312.tif|
Lewis E M 16:32,mcai160321.tif|mcai160322.tif|
Lewis E M 16:33,mcai160331.tif|mcai160332.tif|
Lewis E M 17:1,mcai170011.tif|mcai170012.tif|
Lewis E M 17:2,mcai170021.tif|mcai170022.tif|
Lewis E M 17:2A,mcai170023.tif|mcai170024.tif|
Lewis E M 17:3,mcai170031.tif|mcai170032.tif|
Lewis E M 17:3A,mcai170033.tif|mcai170034.tif|
Lewis E M 17:4,mcai170041.tif|mcai170042.tif|
Lewis E M 17:5,mcai170051.tif|mcai170052.tif|
Lewis E M 17:6,mcai170061.tif|mcai170062.tif|
Lewis E M 17:7,mcai170071.tif|mcai170072.tif|
Lewis E M 17:8,mcai170081.tif|mcai170082.tif|
Lewis E M 17:9,mcai170093.tif|mcai170094.tif|mcai170095.tif|mcai170096.tif|
Lewis E M 17:10,mcai170101.tif|mcai170102.tif|
Lewis E M 17:11,mcai170111.tif|mcai170112.tif|
Lewis E M 17:12,mcai170121.tif|mcai170122.tif|
Lewis E M 17:13,mcai170133.tif|mcai170134.tif|mcai170135.tif|mcai170136.tif|
Lewis E M 17:14,mcai170141.tif|mcai170142.tif|
Lewis E M 17:15,mcai170151.tif|mcai170152.tif|
Lewis E M 17:16,mcai170161.tif|mcai170162.tif|
Lewis E M 17:17,mcai170171.tif|mcai170172.tif|
Lewis E M 17:18,mcai170181.tif|mcai170182.tif|
Lewis E M 17:19,mcai170191.tif|mcai170192.tif|
Lewis E M 17:20,mcai170201.tif|mcai170202.tif|
Lewis E M 17:21,mcai170211.tif|mcai170212.tif|
Lewis E M 17:22,mcai170221.tif|mcai170222.tif|
Lewis E M 17:23,mcai170231.tif|mcai170232.tif|
Lewis E M 18:1-3,mcai180011.tif|mcai180012.tif|mcai180023.tif|mcai180024.tif|mcai180025.tif|mcai180026.tif|mcai180033.tif|mcai180034.tif|mcai180035.tif|mcai180036.tif|
Lewis E M 18:4,mcai180041.tif|mcai180042.tif|
Lewis E M 18:5-8,mcai180051.tif|mcai180052.tif|mcai180061.tif|mcai180062.tif|mcai180071.tif|mcai180072.tif|mcai180080.tif|mcai180081.tif|mcai180082.tif|
Lewis E M 18:9,mcai180091.tif|mcai180092.tif|
Lewis E M 18:10,mcai180101.tif|mcai180102.tif|
Lewis E M 18:11,mcai180111.tif|mcai180112.tif|
Lewis E M 19:1,mcai190011.tif|mcai190012.tif|
Lewis E M 19:2,mcai190021.tif|mcai190022.tif|
Lewis E M 19:3,mcai190031.tif|mcai190032.tif|
Lewis E M 19:4,mcai190041.tif|mcai190042.tif|
Lewis E M 19:5,mcai190051.tif|mcai190052.tif|
Lewis E M 19:6,mcai190061.tif|mcai190062.tif|
Lewis E M 19:7,mcai190071.tif|mcai190072.tif|
Lewis E M 19:8,mcai190081.tif|mcai190082.tif|
Lewis E M 19:9,mcai190091.tif|mcai190092.tif|
Lewis E M 19:10,mcai190101.tif|mcai190102.tif|
Lewis E M 19:11,mcai190111.tif|mcai190112.tif|
Lewis E M 19:12,mcai190121.tif|mcai190122.tif|
Lewis E M 19:13,mcai190131.tif|mcai190132.tif|
Lewis E M 19:14,mcai190141.tif|mcai190142.tif|
Lewis E M 19:15,mcai190151.tif|mcai190152.tif|
Lewis E M 19:16,mcai190161.tif|mcai190162.tif|
Lewis E M 19:17,mcai190171.tif|mcai190172.tif|
Lewis E M 19:18,mcai190181.tif|mcai190182.tif|
Lewis E M 19:19,mcai190191.tif|mcai190192.tif|
Lewis E M 19:20,mcai190201.tif|mcai190202.tif|
Lewis E M 19:21,mcai190211.tif|mcai190212.tif|
Lewis E M 19:22,mcai190221.tif|mcai190222.tif|
Lewis E M 19:23,mcai190231.tif|mcai190232.tif|
Lewis E M 19:24,mcai190241.tif|mcai190242.tif|
Lewis E M 19:25,mcai190251.tif|mcai190252.tif|
Lewis E M 20:1,mcai200011.tif|mcai200012.tif|
Lewis E M 20:2-3,mcai200021.tif|mcai200031.tif|
Lewis E M 20:4,mcai200041.tif|mcai200042.tif|
Lewis E M 20:5,mcai200051.tif|mcai200052.tif|
Lewis E M 20:6,mcai200061.tif|mcai200062.tif|
Lewis E M 20:7,mcai200071.tif|mcai200072.tif|
Lewis E M 20:8,mcai200081.tif|mcai200082.tif|
Lewis E M 20:9,mcai200091.tif|mcai200092.tif|
Lewis E M 20:10,mcai200101.tif|mcai200102.tif|
Lewis E M 20:11,mcai200111.tif|mcai200112.tif|
Lewis E M 20:12,mcai200121.tif|mcai200122.tif|
Lewis E M 20:13,mcai200131.tif|mcai200132.tif|
Lewis E M 20:14,mcai200141.tif|mcai200142.tif|
Lewis E M 20:15,mcai200151.tif|mcai200152.tif|
Lewis E M 20:16,mcai200161.tif|mcai200162.tif|
Lewis E M 20:17,mcai200171.tif|mcai200172.tif|
Lewis E M 20:18,mcai200181.tif|mcai200182.tif|
Lewis E M 20:19,mcai200191.tif|mcai200192.tif|
Lewis E M 20:20,mcai200201.tif|mcai200202.tif|
Lewis E M 20:21,mcai200211.tif|mcai200212.tif|
Lewis E M 20:22,mcai200221.tif|mcai200222.tif|
Lewis E M 21:1,mcai210011.tif|mcai210012.tif|
Lewis E M 21:2-3,mcai210021.tif|mcai210022.tif|mcai210031.tif|mcai210032.tif|
Lewis E M 21:4-28,mcai210041.tif|mcai210042.tif|mcai210051.tif|mcai210052.tif|mcai210061.tif|mcai210062.tif|mcai210071.tif|mcai210072.tif|mcai210081.tif|mcai210082.tif|mcai210091.tif|mcai210092.tif|mcai210101.tif|mcai210102.tif|mcai210111.tif|mcai210112.tif|mcai210121.tif|mcai210122.tif|mcai210131.tif|mcai210132.tif|mcai210141.tif|mcai210142.tif|mcai210151.tif|mcai210152.tif|mcai210161.tif|mcai210162.tif|mcai210171.tif|mcai210172.tif|mcai210181.tif|mcai210182.tif|mcai210191.tif|mcai210192.tif|mcai210201.tif|mcai210202.tif|mcai210211.tif|mcai210212.tif|mcai210221.tif|mcai210222.tif|mcai210231.tif|mcai210232.tif|mcai210241.tif|mcai210242.tif|mcai210251.tif|mcai210252.tif|mcai210261.tif|mcai210262.tif|mcai210271.tif|mcai210272.tif|mcai210281.tif|mcai210282.tif|
Lewis E M 21:29,mcai210291.tif|mcai210292.tif|
Lewis E M 22:1,mcai220011.tif|mcai220012.tif|
Lewis E M 22:2-4,mcai220021.tif|mcai220022.tif|mcai220033.tif|mcai220034.tif|mcai220035.tif|mcai220036.tif|mcai220041.tif|mcai220042.tif|
Lewis E M 22:5,mcai220053.tif|mcai220054.tif|mcai220055.tif|mcai220056.tif|mcai220057.tif|mcai220058.tif|
Lewis E M 22:6,mcai220061.tif|mcai220062.tif|
Lewis E M 22:7-16,mcai220071.tif|mcai220072.tif|mcai220081.tif|mcai220082.tif|mcai220091.tif|mcai220092.tif|mcai220101.tif|mcai220102.tif|mcai220111.tif|mcai220112.tif|mcai220121.tif|mcai220122.tif|mcai220131.tif|mcai220132.tif|mcai220141.tif|mcai220142.tif|mcai220151.tif|mcai220152.tif|mcai220161.tif|mcai220162.tif|
Lewis E M 22:17,mcai220171.tif|mcai220172.tif|
Lewis E M 22:18-21,mcai220181.tif|mcai220182.tif|mcai220191.tif|mcai220192.tif|mcai220201.tif|mcai220202.tif|mcai220211.tif|mcai220212.tif|
Lewis E M 23:1-6,mcai230011.tif|mcai230012.tif|mcai230021.tif|mcai230022.tif|mcai230031.tif|mcai230032.tif|mcai230041.tif|mcai230042.tif|mcai230051.tif|mcai230052.tif|mcai230061.tif|mcai230062.tif|
Lewis E M 23:7a-d,mcai230070.tif|mcai230073.tif|mcai230074.tif|mcai230075.tif|mcai230076.tif|mcai230077.tif|mcai230078.tif|mcai230079.tif|
Lewis E M 23:8,mcai230081.tif|mcai230082.tif|
Lewis E M 23:9,mcai230091.tif|mcai230092.tif|
Lewis E M 23:10,mcai230101.tif|mcai230102.tif|
Lewis E M 23:11,mcai230111.tif|
Lewis E M 23:12,mcai230121.tif|mcai230122.tif|
Lewis E M 23:13,mcai230131.tif|mcai230132.tif|
Lewis E M 23:14,mcai230141.tif|mcai230142.tif|
Lewis E M 23:15,mcai230151.tif|mcai230152.tif|
Lewis E M 23:16,mcai230161.tif|mcai230162.tif|
Lewis E M 23:17,mcai230171.tif|mcai230172.tif|
Lewis E M 23:18,mcai230180.tif|mcai230183.tif|mcai230184.tif|mcai230185.tif|mcai230186.tif|mcai230187.tif|mcai230188.tif|mcai230189.tif|
Lewis E M 23:19,mcai230191.tif|mcai230192.tif|
Lewis E M 23:20,mcai230201.tif|mcai230202.tif|
Lewis E M 23:21,mcai230213.tif|mcai230214.tif|mcai230215.tif|mcai230216.tif|
Lewis E M 23:22,mcai230221.tif|mcai230222.tif|
Lewis E M 23:23,mcai230231.tif|mcai230232.tif|
Lewis E M 23:24,mcai230241.tif|mcai230242.tif|
Lewis E M 24:1-4,mcai240011.tif|mcai240012.tif|mcai240021.tif|mcai240022.tif|mcai240031.tif|mcai240032.tif|mcai240041.tif|mcai240042.tif|
Lewis E M 24:5,mcai240051.tif|mcai240052.tif|
Lewis E M 24:6,mcai240061.tif|mcai240062.tif|
Lewis E M 24:7,mcai240071.tif|mcai240072.tif|
Lewis E M 24:8,mcai240081.tif|mcai240082.tif|
Lewis E M 24:9,mcai240091.tif|mcai240092.tif|
Lewis E M 24:10,mcai240101.tif|
Lewis E M 24:11,mcai240111.tif|
Lewis E M 24:12,mcai240121.tif|mcai240122.tif|
Lewis E M 24:13,mcai240131.tif|mcai240132.tif|
Lewis E M 24:14,mcai240141.tif|mcai240142.tif|
Lewis E M 24:15,mcai240151.tif|mcai240152.tif|
Lewis E M 24:16,mcai240161.tif|mcai240162.tif|
Lewis E M 24:17,mcai240171.tif|mcai240172.tif|
Lewis E M 24:18,mcai240181.tif|mcai240182.tif|
Lewis E M 24:19,mcai240191.tif|mcai240192.tif|
Lewis E M 24:20,mcai240201.tif|mcai240202.tif|
Lewis E M 24:21,mcai240211.tif|mcai240212.tif|
Lewis E M 24:22,mcai240221.tif|mcai240222.tif|
Lewis E M 24:23,mcai240231.tif|mcai240232.tif|
Lewis E M 24:24,mcai240241.tif|mcai240242.tif|
Lewis E M 24:25,mcai240251.tif|mcai240252.tif|
Lewis E M 24:26,mcai240261.tif|mcai240262.tif|
Lewis E M 24:27,mcai240271.tif|mcai240272.tif|
Lewis E M 24:28,mcai240281.tif|mcai240282.tif|
Lewis E M 24:29,mcai240291.tif|mcai240292.tif|
Lewis E M 24:30,mcai240301.tif|mcai240302.tif|
Lewis E M 24:31,mcai240311.tif|mcai240312.tif|
Lewis E M 25:1,mcai250011.tif|mcai250012.tif|
Lewis E M 25:2,mcai250021.tif|mcai250022.tif|
Lewis E M 25:3,mcai250031.tif|
Lewis E M 25:4,mcai250041.tif|mcai250042.tif|
Lewis E M 25:5,mcai250051.tif|mcai250052.tif|
Lewis E M 25:6,mcai250061.tif|mcai250062.tif|
Lewis E M 25:7,mcai250071.tif|mcai250072.tif|
Lewis E M 25:7A,mcai250073.tif|mcai250074.tif|
Lewis E M 25:8,mcai250081.tif|mcai250082.tif|
Lewis E M 25:9,mcai250091.tif|mcai250092.tif|
Lewis E M 25:10,mcai250101.tif|mcai250102.tif|
Lewis E M 25:11,mcai250111.tif|mcai250112.tif|
Lewis E M 25:12,mcai250121.tif|mcai250122.tif|
Lewis E M 25:13,mcai250131.tif|mcai250132.tif|
Lewis E M 25:14,mcai250141.tif|mcai250142.tif|
Lewis E M 25:15,mcai250151.tif|mcai250152.tif|
Lewis E M 25:16,mcai250161.tif|mcai250162.tif|
Lewis E M 25:17,mcai250171.tif|mcai250172.tif|
Lewis E M 25:18,mcai250181.tif|mcai250182.tif|
Lewis E M 25:19,mcai250191.tif|mcai250192.tif|
Lewis E M 25:20,mcai250201.tif|mcai250202.tif|
Lewis E M 25:21,mcai250211.tif|mcai250212.tif|
Lewis E M 25:22,mcai250221.tif|mcai250222.tif|
Lewis E M 25:22A,mcai250223.tif|mcai250224.tif|
Lewis E M 25:22B,mcai250225.tif|mcai250226.tif|
Lewis E M 25:23,mcai250231.tif|mcai250232.tif|
Lewis E M 25:24,mcai250241.tif|mcai250242.tif|
Lewis E M 25:25,mcai250251.tif|mcai250252.tif|
Lewis E M 25:26,mcai250261.tif|mcai250262.tif|
Lewis E M 25:26A,mcai250263.tif|mcai250264.tif|
Lewis E M 25:26B,mcai250265.tif|mcai250266.tif|
Lewis E M 25:27,mcai250271.tif|mcai250272.tif|
Lewis E M 25:28,mcai250281.tif|mcai250282.tif|
Lewis E M 25:29,mcai250291.tif|mcai250292.tif|
Lewis E M 25:30,mcai250301.tif|mcai250302.tif|
Lewis E M 25:31,mcai250311.tif|mcai250312.tif|
Lewis E M 25:32,mcai250321.tif|mcai250322.tif|
Lewis E M 25:33,mcai250331.tif|mcai250332.tif|
Lewis E M 26:1,mcai260011.tif|mcai260012.tif|
Lewis E M 26:2,mcai260021.tif|mcai260022.tif|
Lewis E M 26:3,mcai260031.tif|mcai260032.tif|
Lewis E M 26:4-5,mcai260041.tif|mcai260051.tif|mcai260052.tif|
Lewis E M 26:7,mcai260071.tif|mcai260072.tif|
Lewis E M 26:8-9,mcai260081.tif|mcai260082.tif|mcai260091.tif|mcai260092.tif|
Lewis E M 26:10,mcai260101.tif|mcai260102.tif|
Lewis E M 26:11,mcai260111.tif|mcai260112.tif|
Lewis E M 26:12,mcai260121.tif|mcai260122.tif|
Lewis E M 26:13,mcai260131.tif|mcai260132.tif|
Lewis E M 26:14,mcai260141.tif|mcai260142.tif|
Lewis E M 26:15,mcai260151.tif|mcai260152.tif|
Lewis E M 26:16,mcai260161.tif|mcai260162.tif|
Lewis E M 26:17-18,mcai260171.tif|mcai260172.tif|mcai260181.tif|mcai260182.tif|
Lewis E M 26:19,mcai260191.tif|mcai260192.tif|
Lewis E M 26:20-29,mcai260201.tif|mcai260202.tif|mcai260211.tif|mcai260212.tif|mcai260221.tif|mcai260222.tif|mcai260231.tif|mcai260232.tif|mcai260241.tif|mcai260242.tif|mcai260251.tif|mcai260252.tif|mcai260261.tif|mcai260262.tif|mcai260271.tif|mcai260272.tif|mcai260281.tif|mcai260282.tif|mcai260291.tif|mcai260292.tif|
Lewis E M 26:30,mcai260301.tif|mcai260302.tif|
Lewis E M 26:31,mcai260311.tif|mcai260312.tif|
Lewis E M 26:32-33,mcai260321.tif|mcai260322.tif|mcai260331.tif|mcai260332.tif|
Lewis E M 27:1,mcai270011.tif|mcai270012.tif|
Lewis E M 27:2,mcai270021.tif|mcai270022.tif|
Lewis E M 27:3,mcai270031.tif|mcai270032.tif|
Lewis E M 27:4,mcai270041.tif|mcai270042.tif|
Lewis E M 27:5,mcai270051.tif|mcai270052.tif|
Lewis E M 27:6,mcai270061.tif|mcai270062.tif|
Lewis E M 27:7,mcai270071.tif|mcai270072.tif|
Lewis E M 27:8,mcai270081.tif|mcai270082.tif|
Lewis E M 27:9-10,mcai270091.tif|mcai270092.tif|mcai270101.tif|mcai270102.tif|
Lewis E M 27:11,mcai270111.tif|mcai270112.tif|
Lewis E M 27:12,mcai270121.tif|mcai270122.tif|
Lewis E M 27:13,mcai270131.tif|mcai270132.tif|
Lewis E M 27:14,mcai270141.tif|mcai270142.tif|
Lewis E M 27:15,mcai270151.tif|mcai270152.tif|
Lewis E M 27:16,mcai270161.tif|mcai270162.tif|
Lewis E M 27:17,mcai270171.tif|
Lewis E M 27:18,mcai270181.tif|
Lewis E M 27:19,mcai270191.tif|mcai270192.tif|
Lewis E M 27:20,mcai270201.tif|mcai270202.tif|
Lewis E M 27:21,mcai270211.tif|mcai270212.tif|
Lewis E M 27:22-23,mcai270221.tif|mcai270222.tif|mcai270231.tif|mcai270232.tif|
Lewis E M 27:24,mcai270241.tif|
Lewis E M 27:25,mcai270251.tif|
Lewis E M 27:26,mcai270261.tif|mcai270262.tif|
Lewis E M 27:27-29,mcai270271.tif|mcai270272.tif|mcai270281.tif|mcai270282.tif|mcai270291.tif|mcai270292.tif|
Lewis E M 28:1,mcai280011.tif|mcai280012.tif|
Lewis E M 28:2,mcai280021.tif|mcai280022.tif|
Lewis E M 28:3-5,mcai280031.tif|mcai280032.tif|mcai280041.tif|mcai280042.tif|mcai280051.tif|mcai280052.tif|
Lewis E M 28:6,mcai280061.tif|mcai280062.tif|
Lewis E M 28:7,mcai280071.tif|mcai280072.tif|
Lewis E M 28:8,mcai280081.tif|mcai280082.tif|
Lewis E M 28:9,mcai280091.tif|mcai280092.tif|
Lewis E M 28:10,mcai280101.tif|mcai280102.tif|
Lewis E M 28:11,mcai280111.tif|mcai280112.tif|
Lewis E M 28:12,mcai280121.tif|mcai280122.tif|
Lewis E M 28:13,mcai280131.tif|mcai280131.tif|mcai280132.tif|
Lewis E M 28:14,mcai280141.tif|mcai280142.tif|
Lewis E M 28:15,mcai280151.tif|mcai280152.tif|
Lewis E M 28:16,mcai280161.tif|mcai280162.tif|
Lewis E M 28:17,mcai280171.tif|mcai280172.tif|
Lewis E M 28:18,mcai280181.tif|mcai280182.tif|
Lewis E M 28:19,mcai280191.tif|mcai280192.tif|
Lewis E M 28:20,mcai280201.tif|mcai280202.tif|
Lewis E M 28:21-23,mcai280213.tif|mcai280214.tif|mcai280215.tif|mcai280216.tif|mcai280221.tif|mcai280222.tif|mcai280231.tif|mcai280232.tif|
Lewis E M 28:24,mcai280241.tif|mcai280242.tif|
Lewis E M 28:25,mcai280251.tif|mcai280252.tif|
Lewis E M 28:26-27,mcai280261.tif|mcai280262.tif|mcai280271.tif|mcai280272.tif|
Lewis E M 28:28,mcai280281.tif|mcai280282.tif|
Lewis E M 29:1,mcai290011.tif|mcai290012.tif|
Lewis E M 29:2,mcai290021.tif|mcai290022.tif|
Lewis E M 29:3,mcai290031.tif|mcai290032.tif|
Lewis E M 29:4,mcai290041.tif|mcai290042.tif|
Lewis E M 29:5,mcai290051.tif|mcai290052.tif|
Lewis E M 29:6,mcai290061.tif|mcai290062.tif|
Lewis E M 29:7,mcai290071.tif|mcai290072.tif|
Lewis E M 29:8,mcai290081.tif|mcai290082.tif|
Lewis E M 29:8A,mcai290083.tif|mcai290084.tif|
Lewis E M 29:9,mcai290091.tif|mcai290092.tif|
Lewis E M 29:9A,mcai290093.tif|mcai290094.tif|
Lewis E M 29:10,mcai290101.tif|mcai290102.tif|
Lewis E M 29:11,mcai290111.tif|mcai290112.tif|
Lewis E M 29:11A,mcai290113.tif|mcai290114.tif|
Lewis E M 29:12a-b,mcai290123.tif|mcai290124.tif|mcai290125.tif|
Lewis E M 29:13-15,mcai290131.tif|mcai290132.tif|mcai290141.tif|mcai290142.tif|mcai290151.tif|mcai290152.tif|
Lewis E M 29:16,mcai290161.tif|mcai290162.tif|
Lewis E M 29:17,mcai290171.tif|mcai290172.tif|
Lewis E M 29:18,mcai290181.tif|mcai290182.tif|
Lewis E M 29:19,mcai290191.tif|mcai290192.tif|
Lewis E M 30:1-2,mcai300011.tif|mcai300012.tif|mcai300021.tif|mcai300022.tif|
Lewis E M 30:3,mcai300031.tif|mcai300032.tif|
Lewis E M 30:4-6,mcai300041.tif|mcai300042.tif|mcai300051.tif|mcai300052.tif|mcai300061.tif|mcai300062.tif|
Lewis E M 30:7,mcai300071.tif|mcai300072.tif|
Lewis E M 30:8,mcai300081.tif|mcai300082.tif|
Lewis E M 30:9,mcai300091.tif|mcai300092.tif|
Lewis E M 30:10-14,mcai300101.tif|mcai300102.tif|mcai300111.tif|mcai300112.tif|mcai300121.tif|mcai300122.tif|mcai300131.tif|mcai300132.tif|mcai300141.tif|mcai300142.tif|
Lewis E M 30:15,mcai300151.tif|mcai300152.tif|
Lewis E M 31:1,mcai310011.tif|mcai310012.tif|
Lewis E M 31:2,mcai310021.tif|mcai310022.tif|
Lewis E M 31:3-4,mcai310031.tif|mcai310032.tif|mcai310041.tif|mcai310042.tif|
Lewis E M 31:5,mcai310051.tif|mcai310052.tif|
Lewis E M 31:6,mcai310061.tif|mcai310062.tif|
Lewis E M 31:7,mcai310071.tif|mcai310072.tif|
Lewis E M 31:8,mcai310081.tif|mcai310082.tif|
Lewis E M 31:9,mcai310091.tif|mcai310092.tif|
Lewis E M 31:10,mcai310101.tif|mcai310102.tif|
Lewis E M 31:11,mcai310111.tif|mcai310112.tif|
Lewis E M 31:12,mcai310121.tif|mcai310122.tif|
Lewis E M 31:13-14,mcai310131.tif|mcai310132.tif|mcai310141.tif|mcai310142.tif|
Lewis E M 31:15,mcai310151.tif|mcai310152.tif|
Lewis E M 31:16-17,mcai310163.tif|mcai310164.tif|mcai310165.tif|mcai310166.tif|mcai310167.tif|mcai310168.tif|mcai310170.tif|mcai310173.tif|mcai310174.tif|mcai310175.tif|mcai310176.tif|mcai310177.tif|mcai310178.tif|mcai310179.tif|
Lewis E M 31:18A,mcai310181.tif|mcai310182.tif|
Lewis E M 31:18B,mcai310183.tif|mcai310184.tif|
Lewis E M 31:19-27,mcai310191.tif|mcai310192.tif|mcai310201.tif|mcai310202.tif|mcai310211.tif|mcai310212.tif|mcai310221.tif|mcai310222.tif|mcai310231.tif|mcai310232.tif|mcai310241.tif|mcai310242.tif|mcai310251.tif|mcai310252.tif|mcai310261.tif|mcai310262.tif|mcai310271.tif|mcai310272.tif|
Lewis E M 31:28,mcai310281.tif|mcai310282.tif|
Lewis E M 31:29,mcai310291.tif|mcai310292.tif|
Lewis E M 31:34,mcai310341.tif|mcai310342.tif|
Lewis E M 31:35,mcai310351.tif|mcai310352.tif|
Lewis E M 31:36,mcai310361.tif|mcai310362.tif|
Lewis E M 31:37,mcai310371.tif|mcai310372.tif|
Lewis E M 32:1,mcai320011.tif|mcai320012.tif|
Lewis E M 32:2,mcai320021.tif|mcai320022.tif|
Lewis E M 32:3,mcai320031.tif|mcai320032.tif|
Lewis E M 32:4,mcai320041.tif|mcai320042.tif|
Lewis E M 32:5,mcai320051.tif|mcai320052.tif|
Lewis E M 32:6,mcai320061.tif|mcai320062.tif|
Lewis E M 32:7,mcai320071.tif|mcai320072.tif|
Lewis E M 32:8,mcai320081.tif|mcai320082.tif|
Lewis E M 32:9,mcai320091.tif|mcai320092.tif|
Lewis E M 32:10,mcai320101.tif|mcai320102.tif|
Lewis E M 32:11,mcai320111.tif|mcai320112.tif|
Lewis E M 32:12,mcai320121.tif|mcai320122.tif|
Lewis E M 32:13,mcai320131.tif|mcai320132.tif|
Lewis E M 32:14,mcai320143.tif|mcai320144.tif|mcai320145.tif|mcai320146.tif|
Lewis E M 32:15,mcai320151.tif|mcai320152.tif|
Lewis E M 32:16,mcai320161.tif|mcai320162.tif|
Lewis E M 32:17,mcai320171.tif|mcai320172.tif|
Lewis E M 32:18,mcai320181.tif|mcai320182.tif|
Lewis E M 32:19,mcai320191.tif|mcai320192.tif|
Lewis E M 32:20,mcai320201.tif|
Lewis E M 32:21,mcai320211.tif|mcai320212.tif|
Lewis E M 32:22,mcai320221.tif|mcai320222.tif|
Lewis E M 32:23,mcai320231.tif|mcai320232.tif|
Lewis E M 32:24,mcai320241.tif|mcai320242.tif|
Lewis E M 32:25,mcai320251.tif|mcai320252.tif|
Lewis E M 32:26,mcai320261.tif|mcai320262.tif|
Lewis E M 32:27,mcai320271.tif|mcai320272.tif|
Lewis E M 32:28,mcai320281.tif|mcai320282.tif|
Lewis E M 32:29,mcai320291.tif|mcai320292.tif|
Lewis E M 32:30,mcai320301.tif|mcai320302.tif|
Lewis E M 33:1,mcai330011.tif|mcai330012.tif|
Lewis E M 33:2,mcai330021.tif|mcai330022.tif|
Lewis E M 33:3,mcai330031.tif|mcai330032.tif|
Lewis E M 33:4,mcai330041.tif|
Lewis E M 33:5,mcai330051.tif|
Lewis E M 33:6,mcai330061.tif|mcai330062.tif|
Lewis E M 33:7,mcai330071.tif|mcai330072.tif|
Lewis E M 33:8,mcai330081.tif|mcai330082.tif|
Lewis E M 33:9,mcai330091.tif|mcai330092.tif|
Lewis E M 33:10,mcai330101.tif|mcai330102.tif|
Lewis E M 33:11,mcai330111.tif|
Lewis E M 33:12,mcai330121.tif|mcai330122.tif|
Lewis E M 33:13,mcai330131.tif|mcai330132.tif|
Lewis E M 33:14,mcai330141.tif|mcai330142.tif|
Lewis E M 33:15,mcai330151.tif|mcai330152.tif|
Lewis E M 33:16,mcai330161.tif|mcai330162.tif|
Lewis E M 33:17,mcai330171.tif|
Lewis E M 33:18,mcai330181.tif|mcai330182.tif|
Lewis E M 33:19,mcai330191.tif|mcai330192.tif|
Lewis E M 33:20,mcai330201.tif|mcai330202.tif|
Lewis E M 33:21,mcai330211.tif|mcai330212.tif|
Lewis E M 33:22,mcai330221.tif|mcai330222.tif|
Lewis E M 33:23,mcai330231.tif|mcai330232.tif|
Lewis E M 33:24,mcai330241.tif|mcai330242.tif|
Lewis E M 33:25,mcai330251.tif|mcai330252.tif|
Lewis E M 33:26,mcai330261.tif|mcai330262.tif|
Lewis E M 33:27,mcai330271.tif|mcai330272.tif|
Lewis E M 42:1,mcai420011.tif|mcai420012.tif|
Lewis E M 42:2,mcai420021.tif|
Lewis E M 42:3,mcai420031.tif|mcai420032.tif|
Lewis E M 42:4-9,mcai420041.tif|mcai420042.tif|mcai420051.tif|mcai420052.tif|mcai420061.tif|mcai420062.tif|mcai420071.tif|mcai420072.tif|mcai420081.tif|mcai420082.tif|mcai420091.tif|mcai420092.tif|
Lewis E M 42:10,mcai420101.tif|mcai420102.tif|
Lewis E M 42:10A,mcai420103.tif|mcai420104.tif|
Lewis E M 42:11,mcai420111.tif|
Lewis E M 42:11A,mcai420113.tif|mcai420114.tif|
Lewis E M 42:12-13,mcai420121.tif|mcai420122.tif|mcai420131.tif|mcai420132.tif|
Lewis E M 42:14,mcai420141.tif|mcai420142.tif|
Lewis E M 42:15,mcai420151.tif|mcai420152.tif|
Lewis E M 42:16-16A,mcai420161.tif|mcai420162.tif|mcai420163.tif|mcai420164.tif|
Lewis E M 42:16B,mcai420165.tif|mcai420166.tif|
Lewis E M 42:17,mcai420171.tif|mcai420172.tif|
Lewis E M 42:18-19,mcai420181.tif|mcai420182.tif|mcai420191.tif|mcai420192.tif|
Lewis E M 42:19A,mcai420193.tif|mcai420194.tif|
Lewis E M 42:20,mcai420201.tif|mcai420202.tif|
Lewis E M 42:20A,mcai420203.tif|mcai420204.tif|
Lewis E M 42:21,mcai420211.tif|mcai420212.tif|
Lewis E M 42:22,mcai420221.tif|mcai420222.tif|
Lewis E M 42:23,mcai420231.tif|mcai420233.tif|mcai420234.tif|
Lewis E M 42:24-25,mcai420241.tif|mcai420242.tif|mcai420251.tif|mcai420252.tif|
Lewis E M 42:26,mcai420261.tif|mcai420262.tif|
Lewis E M 42:27A-B,mcai420273.tif|mcai420274.tif|mcai420275.tif|mcai420276.tif|
Lewis E M 42:28a-d,mcai420280.tif|mcai420283.tif|mcai420284.tif|mcai420285.tif|mcai420286.tif|mcai420287.tif|mcai420288.tif|mcai420289.tif|
Lewis E M 42:28A,mcai420281.tif|mcai420282.tif|
Lewis E M 42:29,mcai420291.tif|mcai420292.tif|
Lewis E M 43:2a,mcai430021.tif|mcai430023.tif|mcai430024.tif|
Lewis E M 43:2b,mcai430025.tif|mcai430026.tif|
Lewis E M 43:2c,mcai430027.tif|mcai430028.tif|
Lewis E M 43:3,mcai430030.tif|mcai430031.tif|mcai430032.tif|
Lewis E M 43:4,mcai430040.tif|mcai430041.tif|mcai430042.tif|
Lewis E M 43:5,mcai430050.tif|mcai430051.tif|mcai430052.tif|
Lewis E M 43:6,mcai430060.tif|mcai430061.tif|mcai430062.tif|
Lewis E M 43:7,mcai430071.tif|mcai430072.tif|
Lewis E M 43:7a,mcai430073.tif|mcai430074.tif|
Lewis E M 43:8,mcai430081.tif|mcai430082.tif|
Lewis E M 43:9,mcai430091.tif|mcai430092.tif|
Lewis E M 43:9a,mcai430093.tif|
Lewis E M 43:9b,mcai430095.tif|mcai430096.tif|
Lewis E M 43:10,mcai430101.tif|mcai430102.tif|
Lewis E M 43:11,mcai430111.tif|mcai430112.tif|
Lewis E M 43:12,mcai430121.tif|mcai430122.tif|
Lewis E M 43:13,mcai430131.tif|mcai430132.tif|
Lewis E M 43:14,mcai430141.tif|mcai430142.tif|
Lewis E M 43:15,mcai430151.tif|mcai430152.tif|
Lewis E M 43:16,mcai430161.tif|mcai430162.tif|
Lewis E M 43:17,mcai430171.tif|mcai430172.tif|
Lewis E M 43:18,mcai430181.tif|mcai430182.tif|
Lewis E M 43:19,mcai430191.tif|mcai430192.tif|
Lewis E M 43:1a,mcai4301a1.tif|mcai4301a2.tif|
Lewis E M 43:1b,mcai4301b1.tif|mcai4301b2.tif|
Lewis E M 43:1c-e,mcai4301c1.tif|mcai4301c2.tif|mcai4301d1.tif|mcai4301d2.tif|mcai4301e1.tif|mcai4301e2.tif|
Lewis E M 43:1f,mcai4301f1.tif|mcai4301f2.tif|
Lewis E M 43:1g,mcai4301g1.tif|mcai4301g2.tif|
Lewis E M 43:20,mcai430201.tif|mcai430202.tif|
Lewis E M 43:21,mcai430211.tif|mcai430212.tif|
Lewis E M 43:22a,mcai430223.tif|mcai430224.tif|
Lewis E M 43:22b,mcai430225.tif|mcai430226.tif|
Lewis E M 43:22c,mcai430227.tif|mcai430228.tif|
Lewis E M 43:23a,mcai430233.tif|mcai430234.tif|
Lewis E M 43:23b,mcai430235.tif|mcai430236.tif|
Lewis E M 43:23c,mcai430237.tif|mcai430238.tif|
Lewis E M 43:24,mcai430241.tif|mcai430242.tif|
Lewis E M 43:25,mcai430251.tif|mcai430252.tif|
Lewis E M 44:1,mcai440011.tif|mcai440012.tif|
Lewis E M 44:2,mcai440021.tif|mcai440022.tif|
Lewis E M 44:2A-3C,mcai440023.tif|mcai440024.tif|mcai440033.tif|mcai440034.tif|mcai440035.tif|mcai440036.tif|mcai440037.tif|mcai440038.tif|
Lewis E M 44:4-5,mcai440041.tif|mcai440042.tif|mcai440051.tif|mcai440052.tif|
Lewis E M 44:6,mcai440061.tif|mcai440062.tif|
Lewis E M 44:6A-B,mcai440063.tif|mcai440064.tif|mcai440065.tif|mcai440066.tif|
Lewis E M 44:7,mcai440071.tif|mcai440072.tif|
Lewis E M 44:8,mcai440081.tif|mcai440082.tif|
Lewis E M 44:8A,mcai440083.tif|mcai440084.tif|
Lewis E M 44:9,mcai440091.tif|mcai440092.tif|
Lewis E M 44:9A,mcai440093.tif|mcai440094.tif|
Lewis E M 44:10,mcai440101.tif|mcai440102.tif|
Lewis E M 44:11,mcai440110.tif|mcai440111.tif|mcai440112.tif|
Lewis E M 44:12,mcai440121.tif|mcai440122.tif|
Lewis E M 44:13,mcai440131.tif|mcai440132.tif|
Lewis E M 44:14,mcai440141.tif|mcai440142.tif|
Lewis E M 44:15,mcai440151.tif|mcai440152.tif|
Lewis E M 44:16,mcai440161.tif|
Lewis E M 44:17,mcai440171.tif|mcai440172.tif|
Lewis E M 44:18,mcai440181.tif|mcai440182.tif|
Lewis E M 44:19,mcai440191.tif|mcai440192.tif|
Lewis E M 44:20-22,mcai440201.tif|mcai440211.tif|mcai440221.tif|
Lewis E M 44:23,mcai440231.tif|mcai440232.tif|
Lewis E M 44:24,mcai440241.tif|mcai440242.tif|
Lewis E M 44:24A,mcai440243.tif|mcai440244.tif|
Lewis E M 44:25,mcai440251.tif|mcai440252.tif|
Lewis E M 44:26,mcai440261.tif|mcai440262.tif|
Lewis E M 44:27-28,mcai440271.tif|mcai440272.tif|mcai440281.tif|mcai440282.tif|
Lewis E M 45:1,mcai450010.tif|mcai450011.tif|mcai450012.tif|
Lewis E M 45:2,mcai450021.tif|mcai450022.tif|
Lewis E M 45:3,mcai450031.tif|mcai450032.tif|
Lewis E M 45:4,mcai450041.tif|mcai450042.tif|
Lewis E M 45:5,mcai450051.tif|mcai450052.tif|
Lewis E M 45:6-10,mcai450061.tif|mcai450062.tif|mcai450071.tif|mcai450072.tif|mcai450081.tif|mcai450082.tif|mcai450091.tif|mcai450092.tif|mcai450101.tif|mcai450102.tif|
Lewis E M 45:11,mcai450111.tif|mcai450112.tif|
Lewis E M 45:12,mcai450121.tif|mcai450122.tif|
Lewis E M 45:13,mcai450131.tif|mcai450132.tif|
Lewis E M 45:14,mcai450141.tif|mcai450142.tif|
Lewis E M 45:15-25,mcai450151.tif|mcai450152.tif|mcai450161.tif|mcai450162.tif|mcai450171.tif|mcai450172.tif|mcai450181.tif|mcai450182.tif|mcai450191.tif|mcai450192.tif|mcai450201.tif|mcai450202.tif|mcai450211.tif|mcai450212.tif|mcai450221.tif|mcai450222.tif|mcai450231.tif|mcai450232.tif|mcai450241.tif|mcai450242.tif|mcai450251.tif|mcai450252.tif|
Lewis E M 45:25,mcai450253.tif|mcai450254.tif|
Lewis E M 45:26,mcai450263.tif|mcai450264.tif|mcai450265.tif|mcai450266.tif|
Lewis E M 45:27,mcai450271.tif|mcai450272.tif|
Lewis E M 45:28,mcai450281.tif|mcai450282.tif|
Lewis E M 46:1a,mcai460013.tif|mcai460014.tif|
Lewis E M 46:1b,mcai460015.tif|mcai460016.tif|
Lewis E M 46:1c,mcai460017.tif|mcai460018.tif|
Lewis E M 46:2,mcai460021.tif|mcai460022.tif|
Lewis E M 46:3a-c,mcai460033.tif|mcai460034.tif|mcai460035.tif|mcai460036.tif|mcai460037.tif|mcai460038.tif|
Lewis E M 46:4,mcai460041.tif|mcai460042.tif|
Lewis E M 46:5a-b,mcai460053.tif|mcai460054.tif|mcai460055.tif|mcai460056.tif|
Lewis E M 46:6,mcai460061.tif|mcai460062.tif|
Lewis E M 46:7,mcai460071.tif|mcai460072.tif|
Lewis E M 46:8,mcai460081.tif|mcai460082.tif|
Lewis E M 46:9,mcai460091.tif|mcai460092.tif|
Lewis E M 46:10,mcai460101.tif|mcai460102.tif|
Lewis E M 46:11,mcai460111.tif|mcai460112.tif|
Lewis E M 46:12,mcai460121.tif|mcai460122.tif|
Lewis E M 46:13,mcai460131.tif|
Lewis E M 46:14,mcai460141.tif|mcai460142.tif|
Lewis E M 46:15,mcai460151.tif|mcai460152.tif|
Lewis E M 46:16,mcai460161.tif|mcai460162.tif|
Lewis E M 46:17,mcai460171.tif|mcai460172.tif|
Lewis E M 46:18,mcai460181.tif|mcai460182.tif|
Lewis E M 46:19,mcai460191.tif|mcai460192.tif|
Lewis E M 47:1,mcai470011.tif|mcai470012.tif|
Lewis E M 47:2,mcai470021.tif|mcai470022.tif|
Lewis E M 47:3,mcai470031.tif|mcai470032.tif|
Lewis E M 47:3A,mcai470033.tif|mcai470034.tif|
Lewis E M 47:4,mcai470041.tif|mcai470042.tif|
Lewis E M 47:5,mcai470051.tif|mcai470052.tif|
Lewis E M 47:6,mcai470061.tif|mcai470062.tif|
Lewis E M 47:7,mcai470071.tif|
Lewis E M 47:8,mcai470081.tif|
Lewis E M 47:9,mcai470091.tif|
Lewis E M 47:10,mcai470101.tif|
Lewis E M 47:11,mcai470111.tif|mcai470112.tif|
Lewis E M 47:11A,mcai470113.tif|mcai470114.tif|
Lewis E M 47:12-15,mcai470121.tif|mcai470122.tif|mcai470131.tif|mcai470132.tif|mcai470141.tif|mcai470142.tif|mcai470151.tif|mcai470152.tif|
Lewis E M 47:15,mcai470153.tif|
Lewis E M 47:16,mcai470161.tif|
Lewis E M 47:17,mcai470171.tif|mcai470172.tif|
Lewis E M 47:18-20,mcai470181.tif|mcai470182.tif|mcai470191.tif|mcai470192.tif|mcai470201.tif|mcai470202.tif|
Lewis E M 47:21-22,mcai470211.tif|mcai470212.tif|mcai470221.tif|mcai470222.tif|
Lewis E M 48:1,mcai480011.tif|mcai480012.tif|
Lewis E M 48:2,mcai480021.tif|mcai480022.tif|
Lewis E M 48:3,mcai480031.tif|mcai480032.tif|
Lewis E M 48:3A,mcai480033.tif|
Lewis E M 48:4,mcai480041.tif|mcai480042.tif|
Lewis E M 48:5,mcai480051.tif|mcai480052.tif|
Lewis E M 48:6,mcai480061.tif|mcai480062.tif|
Lewis E M 48:7,mcai480071.tif|mcai480072.tif|
Lewis E M 48:8,mcai480081.tif|mcai480082.tif|
Lewis E M 48:9,mcai480091.tif|mcai480092.tif|
Lewis E M 48:10A-E,mcai480101.tif|mcai480102.tif|mcai48101a.tif|mcai48101b.tif|mcai48101c.tif|mcai48101d.tif|mcai48101e.tif|mcai48102a.tif|mcai48102b.tif|mcai48102c.tif|mcai48102d.tif|mcai48102e.tif|
Lewis E M 48:11,mcai480111.tif|mcai480112.tif|
Lewis E M 48:12-13,mcai480121.tif|mcai480122.tif|mcai480131.tif|mcai480132.tif|
Lewis E M 48:14,mcai480141.tif|mcai480142.tif|
Lewis E M 48:15,mcai480151.tif|mcai480152.tif|
Lewis E M 48:16,mcai480161.tif|mcai480162.tif|
Lewis E M 48:17,mcai480171.tif|mcai480172.tif|
Lewis E M 48:18-20,mcai480181.tif|mcai480182.tif|mcai480191.tif|mcai480192.tif|mcai480201.tif|mcai480202.tif|
Lewis E M 48:21,mcai480211.tif|mcai480212.tif|
Lewis E M 48:22-23,mcai480221.tif|mcai480222.tif|mcai480231.tif|mcai480232.tif|
Lewis E M 48:24,mcai480241.tif|mcai480242.tif|mcai480242.tif|
Lewis E M 48:25-26,mcai480251.tif|mcai480251.tif|mcai480252.tif|mcai480252.tif|mcai480261.tif|mcai480262.tif|
Lewis E M 49:1,mcai490011.tif|mcai490012.tif|
Lewis E M 49:2,mcai490021.tif|mcai490022.tif|
Lewis E M 49:3,mcai490031.tif|mcai490032.tif|
Lewis E M 49:4,mcai490041.tif|mcai490042.tif|
Lewis E M 49:5,mcai490051.tif|mcai490052.tif|
Lewis E M 49:7,mcai490071.tif|mcai490072.tif|
Lewis E M 49:8,mcai490080.tif|mcai490081.tif|mcai490082.tif|
Lewis E M 49:9,mcai490091.tif|mcai490092.tif|
Lewis E M 49:10,mcai490101.tif|mcai490102.tif|
Lewis E M 49:11,mcai490111.tif|mcai490112.tif|
Lewis E M 49:12,mcai490121.tif|mcai490122.tif|
Lewis E M 50:1,mcai500011.tif|mcai500012.tif|
Lewis E M 50:2,mcai500021.tif|mcai500022.tif|
Lewis E M 50:3,mcai500031.tif|mcai500032.tif|
Lewis E M 50:4,mcai500041.tif|mcai500042.tif|
Lewis E M 50:5,mcai500051.tif|mcai500052.tif|
Lewis E M 50:6,mcai500061.tif|mcai500062.tif|
Lewis E M 50:7,mcai500071.tif|mcai500072.tif|
Lewis E M 63:1-31,mcai630011.tif|mcai630012.tif|mcai630021.tif|mcai630022.tif|mcai630031.tif|mcai630032.tif|mcai630041.tif|mcai630042.tif|mcai630051.tif|mcai630052.tif|mcai630061.tif|mcai630062.tif|mcai630071.tif|mcai630072.tif|mcai630081.tif|mcai630082.tif|mcai630091.tif|mcai630092.tif|mcai630101.tif|mcai630102.tif|mcai630111.tif|mcai630112.tif|mcai630121.tif|mcai630122.tif|mcai630131.tif|mcai630132.tif|mcai630141.tif|mcai630142.tif|mcai630151.tif|mcai630152.tif|mcai630161.tif|mcai630162.tif|mcai630171.tif|mcai630172.tif|mcai630181.tif|mcai630182.tif|mcai630191.tif|mcai630192.tif|mcai630201.tif|mcai630202.tif|mcai630211.tif|mcai630212.tif|mcai630221.tif|mcai630222.tif|mcai630231.tif|mcai630232.tif|mcai630241.tif|mcai630242.tif|mcai630251.tif|mcai630252.tif|mcai630261.tif|mcai630262.tif|mcai630271.tif|mcai630272.tif|mcai630281.tif|mcai630282.tif|mcai630291.tif|mcai630292.tif|mcai630301.tif|mcai630302.tif|mcai630311.tif|mcai630312.tif|
Lewis E M 64:1,mcai640011.tif|mcai640012.tif|
Lewis E M 64:2,mcai640021.tif|mcai640022.tif|
Lewis E M 64:3,mcai640031.tif|mcai640032.tif|
Lewis E M 64:4,mcai640041.tif|mcai640042.tif|
Lewis E M 64:5,mcai640051.tif|mcai640052.tif|
Lewis E M 64:6,mcai640061.tif|mcai640062.tif|
Lewis E M 64:7,mcai640071.tif|mcai640072.tif|
Lewis E M 64:8,mcai640081.tif|mcai640082.tif|
Lewis E M 64:9,mcai640091.tif|mcai640092.tif|
Lewis E M 64:10,mcai640101.tif|mcai640102.tif|
Lewis E M 64:11,mcai640111.tif|mcai640112.tif|mcai640113.tif|mcai640114.tif|
Lewis E M 64:12,mcai640121.tif|mcai640122.tif|
Lewis E M 64:13,mcai640131.tif|mcai640132.tif|
Lewis E M 64:14,mcai640141.tif|mcai640142.tif|mcai640143.tif|mcai640144.tif|
Lewis E M 64:15,mcai640151.tif|mcai640152.tif|
Lewis E M 64:16,mcai640161.tif|mcai640162.tif|
Lewis E M 64:17,mcai640171.tif|mcai640172.tif|
Lewis E M 64:18,mcai640181.tif|mcai640182.tif|
Lewis E M 64:19,mcai640191.tif|mcai640192.tif|mcai640193.tif|mcai640194.tif|
Lewis E M 64:20,mcai640201.tif|mcai640202.tif|mcai640203.tif|mcai640204.tif|
Lewis E M 64:21,mcai640211.tif|mcai640212.tif|mcai640213.tif|mcai640214.tif|
Lewis E M 64:22,mcai640221.tif|mcai640222.tif|mcai640223.tif|mcai640224.tif|
Lewis E M 64:23,mcai640231.tif|mcai640232.tif|mcai640233.tif|mcai640234.tif|
Lewis E M 64:24,mcai640241.tif|mcai640242.tif|mcai640243.tif|mcai640244.tif|
Lewis E M 64:25,mcai640251.tif|mcai640252.tif|mcai640253.tif|mcai640254.tif|
Lewis E M 64:26,mcai640261.tif|mcai640262.tif|mcai640263.tif|mcai640264.tif|
Lewis E M 64:27,mcai640271.tif|mcai640272.tif|mcai640273.tif|mcai640274.tif|
Lewis E M 64:28,mcai640281.tif|mcai640282.tif|
Lewis E M 65.1,mcai650011.tif|mcai650011.tif|mcai650012.tif|mcai650012.tif|
Lewis E M 65.2,mcai650021.tif|mcai650022.tif|
Lewis E M 65.3,mcai650031.tif|mcai650032.tif|
Lewis E M 65.4,mcai650041.tif|mcai650042.tif|
Lewis E M 65.5,mcai650051.tif|mcai650052.tif|
Lewis E M 65.6,mcai650061.tif|mcai650062.tif|
Lewis E M 65.7,mcai650071.tif|mcai650072.tif|
Lewis E M 65.8,mcai650081.tif|mcai650082.tif|
Lewis E M 65.9,mcai650091.tif|mcai650092.tif|
Lewis E M 65.10,mcai650101.tif|mcai650102.tif|
Lewis E M 65.11,mcai650111.tif|mcai650112.tif|
Lewis E M 65.12,mcai650121.tif|mcai650122.tif|
Lewis E M 65.13,mcai650131.tif|mcai650132.tif|
Lewis E M 65.14,mcai650141.tif|mcai650142.tif|
Lewis E M 65.15,mcai650151.tif|mcai650152.tif|
Lewis E M 65.16,mcai650161.tif|mcai650162.tif|
Lewis E M 65.17,mcai650171.tif|mcai650172.tif|
Lewis E M 65.18,mcai650181.tif|mcai650182.tif|
Lewis E M 65.19,mcai650191.tif|mcai650192.tif|
Lewis E M 65.20,mcai650201.tif|mcai650202.tif|
Lewis E M 65.21,mcai650211.tif|mcai650212.tif|
Lewis E M 65.22,mcai650221.tif|mcai650222.tif|
Lewis E M 65.23,mcai650231.tif|mcai650232.tif|
Lewis E M 65.24,mcai650241.tif|mcai650242.tif|
Lewis E M 65.25,mcai650251.tif|mcai650252.tif|
Lewis E M 65.26,mcai650261.tif|mcai650262.tif|
Lewis E M 65.27,mcai650271.tif|mcai650272.tif|
Lewis E M 65.28,mcai650281.tif|mcai650282.tif|
Lewis E M 65.29,mcai650291.tif|mcai650292.tif|
Lewis E M 65.30,mcai650301.tif|mcai650302.tif|
Lewis E M 65.31,mcai650311.tif|mcai650312.tif|
Lewis E M 65.32,mcai650321.tif|mcai650322.tif|
Lewis E M 65.33,mcai650331.tif|mcai650332.tif|
Lewis E M 65.34,mcai650341.tif|mcai650342.tif|
Lewis E M 65.35,mcai650351.tif|mcai650352.tif|
Lewis E M 65.36,mcai650361.tif|mcai650362.tif|
Lewis E M 65.37,mcai650371.tif|mcai650372.tif|
Lewis E M 65.38,mcai650381.tif|mcai650382.tif|
Lewis E M 65.39,mcai650391.tif|mcai650392.tif|
Lewis E M 65.40,mcai650401.tif|mcai650402.tif|
Lewis E M 65.41,mcai650411.tif|mcai650412.tif|
Lewis E M 65.42,mcai650421.tif|mcai650422.tif|
Lewis E M 65.43,mcai650431.tif|mcai650432.tif|
Lewis E M 65.44,mcai650441.tif|mcai650442.tif|
Lewis E M 65.45,mcai650451.tif|mcai650452.tif|
Lewis E M 65.46,mcai650461.tif|mcai650462.tif|
Lewis E M 65.47,mcai650471.tif|mcai650472.tif|
Lewis E M 65.48,mcai650481.tif|mcai650482.tif|
Lewis E M 65.49,mcai650491.tif|mcai650492.tif|
Lewis E M 65.50,mcai650501.tif|mcai650502.tif|
Lewis E M 65.51,mcai650511.tif|mcai650512.tif|
Lewis E M 65.52,mcai650521.tif|mcai650522.tif|
Lewis E M 65.53,mcai650531.tif|mcai650532.tif|
Lewis E M 65.54,mcai650541.tif|mcai650542.tif|
Lewis E M 65.55,mcai650551.tif|mcai650552.tif|
Lewis E M 65.56,mcai650561.tif|mcai650562.tif|
Lewis E M 65.57,mcai650571.tif|mcai650572.tif|
Lewis E M 65.58,mcai650581.tif|mcai650582.tif|
Lewis E M 65.59,mcai650591.tif|mcai650592.tif|
Lewis E M 65.60,mcai650601.tif|mcai650602.tif|
Lewis E M 65.61,mcai650611.tif|mcai650612.tif|
Lewis E M 65.62,mcai650621.tif|mcai650622.tif|
Lewis E M 65.63,mcai650631.tif|mcai650632.tif|
Lewis E M 65.64,mcai650641.tif|mcai650642.tif|
Lewis E M 65.65,mcai650651.tif|mcai650652.tif|
Lewis E M 65.66,mcai650661.tif|mcai650662.tif|
Lewis E M 65.67,mcai650671.tif|mcai650672.tif|
Lewis E M 65.68,mcai650681.tif|mcai650682.tif|
Lewis E M 65.69,mcai650691.tif|mcai650692.tif|
Lewis E M 65.70,mcai650701.tif|mcai650702.tif|
Lewis E M 65.71,mcai650711.tif|mcai650712.tif|
Lewis E M 65.72,mcai650721.tif|mcai650722.tif|
Lewis E M 65.73,mcai650731.tif|mcai650732.tif|
Lewis E M 65.74,mcai650741.tif|mcai650742.tif|
Lewis E M 65.75,mcai650751.tif|mcai650752.tif|
Lewis E M 65.76,mcai650761.tif|mcai650762.tif|
Lewis E M 65.77,mcai650771.tif|mcai650772.tif|
Lewis E M 65.78,mcai650781.tif|mcai650782.tif|
Lewis E M 66:1A-B,mcai660013.tif|mcai660014.tif|mcai660015.tif|mcai660015.tif|mcai660016.tif|
Lewis E M 66:2-3H,mcai660021.tif|mcai660022.tif|mcai660031.tif|mcai660032.tif|mcai66021a.tif|mcai66021b.tif|mcai66021c.tif|mcai66021d.tif|mcai66021e.tif|mcai66021f.tif|mcai66021g.tif|mcai66021h.tif|mcai66021i.tif|mcai66021j.tif|mcai66022a.tif|mcai66022b.tif|mcai66022c.tif|mcai66022d.tif|mcai66022e.tif|mcai66022f.tif|mcai66022g.tif|mcai66022h.tif|mcai66022i.tif|mcai66022j.tif|mcai66031a.tif|mcai66031b.tif|mcai66031c.tif|mcai66031d.tif|mcai66031e.tif|mcai66031f.tif|mcai66031g.tif|mcai66031h.tif|mcai66032a.tif|mcai66032b.tif|mcai66032c.tif|mcai66032d.tif|mcai66032e.tif|mcai66032f.tif|mcai66032g.tif|mcai66032h.tif|
Lewis E M 66:4,mcai660041.tif|mcai660042.tif|
Lewis E M 66:5,mcai660051.tif|mcai660052.tif|
Lewis E M 66:6,mcai660061.tif|mcai660062.tif|
Lewis E M 66:7,mcai660071.tif|
Lewis E M 66:8,mcai660081.tif|mcai660082.tif|
Lewis E M 66:9,mcai660091.tif|mcai660092.tif|
Lewis E M 66:10,mcai660101.tif|mcai660102.tif|
Lewis E M 66:11,mcai660111.tif|mcai660112.tif|
Lewis E M 66:12,mcai660121.tif|mcai660121.tif|mcai660122.tif|
Lewis E M 66:13-14,mcai660131.tif|mcai660132.tif|mcai660141.tif|mcai660142.tif|
Lewis E M 66:15-16,mcai660151.tif|mcai660152.tif|mcai660161.tif|mcai660162.tif|
Lewis E M 66:16a,mcai660163.tif|mcai660164.tif|
Lewis E M 66:17,mcai660171.tif|mcai660172.tif|
Lewis E M 66:18,mcai660181.tif|mcai660182.tif|
Lewis E M 66:19,mcai660191.tif|mcai660192.tif|
Lewis E M 66:20,mcai660201.tif|mcai660202.tif|
Lewis E M 66:21,mcai660211.tif|
Lewis E M 66:22,mcai660221.tif|mcai660222.tif|
Lewis E M 66:23,mcai660231.tif|mcai660232.tif|
Lewis E M 66:24-25,mcai660241.tif|mcai660242.tif|mcai660251.tif|mcai660252.tif|
Lewis E M 66:26,mcai660261.tif|mcai660262.tif|
Lewis E M 66:32,mcai66032da.tif|
Lewis E M 67:1,mcai670011.tif|mcai670012.tif|
Lewis E M 67:2,mcai670021.tif|mcai670022.tif|
Lewis E M 67:3,mcai670031.tif|mcai670032.tif|
Lewis E M 67:4,mcai670041.tif|mcai670042.tif|
Lewis E M 67:5,mcai670051.tif|mcai670052.tif|
Lewis E M 67:6,mcai670061.tif|mcai670062.tif|
Lewis E M 67:7,mcai670071.tif|mcai670072.tif|
Lewis E M 67:8,mcai670081.tif|mcai670082.tif|
Lewis E M 67:9,mcai670091.tif|mcai670092.tif|
Lewis E M 67:10,mcai670101.tif|mcai670102.tif|
Lewis E M 67:11,mcai670111.tif|mcai670112.tif|
Lewis E M 67:12,mcai670121.tif|mcai670122.tif|
Lewis E M 67:13-16,mcai670131.tif|mcai670132.tif|mcai670141.tif|mcai670142.tif|mcai670151.tif|mcai670152.tif|mcai670161.tif|mcai670162.tif|
Lewis E M 67:17,mcai670171.tif|mcai670173.tif|mcai670174.tif|
Lewis E M 67:18,mcai670181.tif|mcai670182.tif|
Lewis E M 67:19,mcai670191.tif|mcai670192.tif|
Lewis E M 67:20,mcai670201.tif|mcai670202.tif|
Lewis E M 67:21,mcai670211.tif|mcai670212.tif|
Lewis E M 67:22,mcai670221.tif|mcai670222.tif|
Lewis E M 67:23,mcai670231.tif|mcai670232.tif|
Lewis E M 67:24,mcai670241.tif|mcai670242.tif|
Lewis E M 67:25,mcai670251.tif|mcai670252.tif|
Lewis E M 67:26,mcai670261.tif|mcai670262.tif|
Lewis E M 67:27,mcai670271.tif|mcai670272.tif|
Lewis E M 68:1,mcai680011.tif|mcai680012.tif|
Lewis E M 68:2,mcai680021.tif|mcai680022.tif|
Lewis E M 68:3-6,mcai680031.tif|mcai680032.tif|mcai680041.tif|mcai680042.tif|mcai680051.tif|mcai680052.tif|mcai680061.tif|mcai680062.tif|
Lewis E M 68:7-9,mcai680073.tif|mcai680074.tif|mcai680075.tif|mcai680076.tif|mcai680077.tif|mcai680081.tif|mcai680082.tif|mcai680091.tif|mcai680092.tif|
Lewis E M 68:10-11,mcai680101.tif|mcai680102.tif|mcai680111.tif|mcai680112.tif|
Lewis E M 68:12,mcai680121.tif|mcai680122.tif|
Lewis E M 68:13,mcai680131.tif|mcai680132.tif|
Lewis E M 68:14,mcai680141.tif|mcai680141.tif|mcai680142.tif|
Lewis E M 68:15,mcai680151.tif|mcai680152.tif|
Lewis E M 68:16,mcai680161.tif|mcai680162.tif|
Lewis E M 68:17-18,mcai680171.tif|mcai680172.tif|mcai680181.tif|mcai680182.tif|
Lewis E M 68:19,mcai680191.tif|mcai680192.tif|
Lewis E M 68:20,mcai680201.tif|mcai680202.tif|
Lewis E M 68:21,mcai680211.tif|mcai680212.tif|
Lewis E M 68:22,mcai680221.tif|mcai680222.tif|
Lewis E M 69:1,mcai690011.tif|mcai690012.tif|
Lewis E M 69:2-5,mcai690021.tif|mcai690022.tif|mcai690031.tif|mcai690032.tif|mcai690041.tif|mcai690042.tif|mcai690051.tif|mcai690052.tif|
Lewis E M 69:6-8,mcai690061.tif|mcai690062.tif|mcai690071.tif|mcai690072.tif|mcai690080.tif|mcai690081.tif|mcai690082.tif|
Lewis E M 69:9,mcai690091.tif|mcai690092.tif|
Lewis E M 69:10,mcai690101.tif|mcai690102.tif|
Lewis E M 69:11,mcai690111.tif|mcai690112.tif|
Lewis E M 69:12-13,mcai690121.tif|mcai690122.tif|mcai690123.tif|mcai690124.tif|mcai690131.tif|mcai690132.tif|
Lewis E M 69:14,mcai690141.tif|mcai690142.tif|
Lewis E M 69:15-17,mcai690151.tif|mcai690152.tif|mcai690161.tif|mcai690162.tif|mcai690171.tif|mcai690172.tif|
Lewis E M 69:18,mcai690181.tif|mcai690182.tif|
Lewis E M 69:19-20,mcai690191.tif|mcai690192.tif|mcai690201.tif|mcai690202.tif|
Lewis E M 69:21,mcai690211.tif|mcai690212.tif|
Lewis E M 69:22,mcai690221.tif|mcai690222.tif|
Lewis E M 70:1,mcai700011.tif|mcai700012.tif|
Lewis E M 70:2,mcai700021.tif|mcai700022.tif|
Lewis E M 70:3,mcai700031.tif|mcai700032.tif|
Lewis E M 70:4,mcai700041.tif|mcai700042.tif|
Lewis E M 70:5-8,mcai700051.tif|mcai700052.tif|mcai700061.tif|mcai700062.tif|mcai700071.tif|mcai700072.tif|mcai700081.tif|mcai700082.tif|
Lewis E M 70:9-11,mcai700091.tif|mcai700092.tif|mcai700093.tif|mcai700094.tif|mcai700101.tif|mcai700102.tif|mcai700111.tif|mcai700112.tif|
Lewis E M 70:12-16,mcai700121.tif|mcai700122.tif|mcai700131.tif|mcai700132.tif|mcai700141.tif|mcai700142.tif|mcai700151.tif|mcai700152.tif|mcai700161.tif|mcai700162.tif|
Lewis E M 71:1A-C,mcai710013.tif|mcai710015.tif|mcai710016.tif|mcai710017.tif|mcai710018.tif|
Lewis E M 71:2,mcai710021.tif|mcai710022.tif|
Lewis E M 71:3,mcai710031.tif|mcai710032.tif|
Lewis E M 71:4,mcai710041.tif|mcai710042.tif|
Lewis E M 71:5,mcai710051.tif|mcai710052.tif|
Lewis E M 71:6-7,mcai710061.tif|mcai710062.tif|mcai710071.tif|mcai710072.tif|
Lewis E M 71:8-9,mcai710081.tif|mcai710082.tif|mcai710091.tif|mcai710092.tif|
Lewis E M 71:10-13,mcai710101.tif|mcai710102.tif|mcai710111.tif|mcai710112.tif|mcai710121.tif|mcai710122.tif|mcai710131.tif|mcai710132.tif|
Lewis E M 71:14-15,mcai710141.tif|mcai710142.tif|mcai710151.tif|mcai710152.tif|
Lewis E M 72:1,mcai720011.tif|mcai720012.tif|
Lewis E M 72:2,mcai720021.tif|mcai720022.tif|
Lewis E M 72:3,mcai720031.tif|mcai720032.tif|
Lewis E M 72:4-10,mcai720041.tif|mcai720042.tif|mcai720051.tif|mcai720052.tif|mcai720061.tif|mcai720062.tif|mcai720071.tif|mcai720072.tif|mcai720081.tif|mcai720082.tif|mcai720091.tif|mcai720092.tif|mcai720101.tif|mcai720102.tif|
Lewis E M 72:11A,mcai720113.tif|mcai720114.tif|
Lewis E M 72:11B,mcai720115.tif|mcai720116.tif|
Lewis E M 72:12,mcai720121.tif|mcai720122.tif|
Lewis E M 72:13-14,mcai720131.tif|mcai720132.tif|mcai720141.tif|mcai720142.tif|
Lewis E M 72:15-16,mcai720151.tif|mcai720152.tif|mcai720161.tif|mcai720162.tif|
Lewis E M 72:17-21,mcai720171.tif|mcai720181.tif|mcai720182.tif|mcai720191.tif|mcai720192.tif|mcai720193.tif|mcai720194.tif|mcai720201.tif|mcai720202.tif|mcai720211.tif|mcai720212.tif|
Lewis E M 72:17,mcai720172.tif|
Lewis E M 72:22,mcai720221.tif|mcai720222.tif|
Lewis E M 72:23-24,mcai720231.tif|mcai720232.tif|mcai720241.tif|mcai720242.tif|
Lewis E M 73:1-4,mcai730011.tif|mcai730012.tif|mcai730021.tif|mcai730022.tif|mcai730031.tif|mcai730032.tif|mcai730041.tif|mcai730042.tif|
Lewis E M 73:5,mcai730051.tif|mcai730052.tif|
Lewis E M 73:6,mcai730061.tif|mcai730062.tif|
Lewis E M 73:7-9,mcai730071.tif|mcai730072.tif|mcai730081.tif|mcai730082.tif|mcai730091.tif|mcai730092.tif|
Lewis E M 73:10-13,mcai730101.tif|mcai730102.tif|mcai730111.tif|mcai730112.tif|mcai730121.tif|mcai730122.tif|mcai730131.tif|mcai730132.tif|
Lewis E M 73:14,mcai730141.tif|mcai730142.tif|
Lewis E M 73:15-20,mcai730151.tif|mcai730152.tif|mcai730161.tif|mcai730162.tif|mcai730171.tif|mcai730172.tif|mcai730181.tif|mcai730182.tif|mcai730191.tif|mcai730192.tif|mcai730201.tif|mcai730202.tif|
Lewis E M 74:1,mcai740011.tif|mcai740012.tif|
Lewis E M 74:2-3,mcai740021.tif|mcai740022.tif|mcai740031.tif|mcai740032.tif|
Lewis E M 74:4-7,mcai740041.tif|mcai740042.tif|mcai740051.tif|mcai740052.tif|mcai740061.tif|mcai740062.tif|mcai740071.tif|mcai740072.tif|
Lewis E M 74:7A,mcai740073.tif|mcai740074.tif|
Lewis E M 74:8,mcai740081.tif|mcai740082.tif|
Lewis E M 74:9,mcai740091.tif|mcai740092.tif|
Lewis E M 74:10,mcai740101.tif|mcai740102.tif|
Lewis E M 74:11,mcai740111.tif|mcai740112.tif|
Lewis E M 74:12-13,mcai740121.tif|mcai740122.tif|mcai740131.tif|mcai740132.tif|
Lewis E M 74:14,mcai740141.tif|mcai740142.tif|
Lewis E M 74:15,mcai740151.tif|mcai740152.tif|
Lewis E M 74:16,mcai740161.tif|mcai740162.tif|
Lewis E M 74:17,mcai740171.tif|
Lewis E M 74:18,mcai740181.tif|mcai740182.tif|
Lewis E M 74:19,mcai740191.tif|mcai740192.tif|
Lewis E M 75:1,mcai750011.tif|mcai750012.tif|
Lewis E M 75:2,mcai750021.tif|mcai750022.tif|
Lewis E M 75:3,mcai750031.tif|mcai750032.tif|
Lewis E M 75:4,mcai750041.tif|mcai750042.tif|
Lewis E M 75:5,mcai750051.tif|mcai750052.tif|
Lewis E M 75:6,mcai750061.tif|mcai750062.tif|
Lewis E M 75:7,mcai750071.tif|
Lewis E M 75:8,mcai750081.tif|
Lewis E M 75:9,mcai750091.tif|mcai750092.tif|
Lewis E M 75:10,mcai750101.tif|mcai750102.tif|
Lewis E M 75:11,mcai750111.tif|mcai750112.tif|
Lewis E M 75:12,mcai750121.tif|mcai750122.tif|
Lewis E M 75:13,mcai750131.tif|mcai750132.tif|
Lewis E M 75:14,mcai750141.tif|mcai750142.tif|
Lewis E M 75:15,mcai750151.tif|mcai750152.tif|
Lewis E M 75:16,mcai750161.tif|mcai750162.tif|
Lewis E M 75:17,mcai750171.tif|mcai750172.tif|
Lewis E M 76:1-2,mcai760011.tif|mcai760012.tif|mcai760021.tif|mcai760022.tif|
Lewis E M 76:3-4,mcai760031.tif|mcai760032.tif|mcai760041.tif|mcai760042.tif|
Lewis E M 76:5,mcai760051.tif|mcai760052.tif|
Lewis E M 76:6,mcai760061.tif|mcai760062.tif|
Lewis E M 76:7-12,mcai760071.tif|mcai760072.tif|mcai760081.tif|mcai760082.tif|mcai760091.tif|mcai760092.tif|mcai760101.tif|mcai760102.tif|mcai760111.tif|mcai760112.tif|mcai760121.tif|mcai760122.tif|
Lewis E M 76:13,mcai760131.tif|mcai760132.tif|
Lewis E M 76:14,mcai760141.tif|mcai760142.tif|
Lewis E M 76:15,mcai760151.tif|mcai760152.tif|
Lewis E M 76:16,mcai760161.tif|mcai760162.tif|
Lewis E M 76:17,mcai760171.tif|mcai760172.tif|
Lewis E M 76:18,mcai760181.tif|mcai760182.tif|
Lewis E M 76:19-21,mcai760191.tif|mcai760192.tif|mcai760201.tif|mcai760202.tif|mcai760211.tif|mcai760212.tif|
Lewis E M 76:22,mcai760221.tif|mcai760222.tif|
Lewis E M 76:23,mcai760231.tif|mcai760232.tif|
Lewis E M 76:24,mcai760241.tif|mcai760242.tif|
Lewis E M 76:25,mcai760251.tif|mcai760252.tif|
Lewis E M 76:26,mcai760261.tif|mcai760262.tif|
Lewis E M 76:27,mcai760271.tif|mcai760272.tif|
Lewis E M 76:28-29,mcai760281.tif|mcai760282.tif|mcai760283.tif|mcai760284.tif|mcai760291.tif|mcai760292.tif|mcai760293.tif|mcai760294.tif|
Lewis E M 76:29A,mcai760295.tif|
Lewis E M 76:30-35,mcai760301.tif|mcai760302.tif|mcai760311.tif|mcai760312.tif|mcai760321.tif|mcai760322.tif|mcai760331.tif|mcai760332.tif|mcai760341.tif|mcai760342.tif|mcai760351.tif|mcai760352.tif|
Lewis E M 76:36,mcai760361.tif|mcai760362.tif|
Lewis E M 76:37-38,mcai760371.tif|mcai760372.tif|mcai760381.tif|mcai760382.tif|
Lewis E M 76:39-40,mcai760391.tif|mcai760392.tif|mcai760401.tif|mcai760402.tif|
Lewis E M 76:41,mcai760411.tif|mcai760412.tif|
Lewis E M 76:42-44,mcai760421.tif|mcai760422.tif|mcai760423.tif|mcai760424.tif|mcai760431.tif|mcai760432.tif|mcai760433.tif|mcai760434.tif|mcai760441.tif|mcai760442.tif|mcai760443.tif|mcai760444.tif|
Lewis E M 76:45,mcai760451.tif|mcai760452.tif|
Lewis E M 76:46,mcai760461.tif|mcai760462.tif|
Lewis E M 76:47,mcai760471.tif|mcai760472.tif|
Lewis E M 76:48,mcai760481.tif|mcai760482.tif|
Lewis E M 76:49-54,mcai760491.tif|mcai760501.tif|mcai760511.tif|mcai760521.tif|mcai760531.tif|mcai760541.tif|
Lewis E M 76:55,mcai760551.tif|mcai760552.tif|
Lewis E M 76:56,mcai760561.tif|mcai760562.tif|
Lewis E M 76:57,mcai760571.tif|
Lewis E M 77:1,mcai770011.tif|
Lewis E M 77:2,mcai770021.tif|
Lewis E M 77:3,mcai770031.tif|
Lewis E M 77:4,mcai770041.tif|
Lewis E M 77:5,mcai770051.tif|
Lewis E M 77:6,mcai770061.tif|
Lewis E M 77:7,mcai770071.tif|
Lewis E M 77:8,mcai770081.tif|
Lewis E M 77:9,mcai770091.tif|
Lewis E M 77:10,mcai770101.tif|
Lewis E M 77:11,mcai770111.tif|
Lewis E M 77:12,mcai770121.tif|
Lewis E M 77:13,mcai770133.tif|mcai770135.tif|mcai770137.tif|
Lewis E M 77:14,mcai770143.tif|mcai770145.tif|
Lewis E M 77:15,mcai770151.tif|
Lewis E M 77:16,mcai770161.tif|
Lewis E M 77:17,mcai770171.tif|
Lewis E M 77:18,mcai770183.tif|mcai770185.tif|
Lewis E M 77:19,mcai770191.tif|
Lewis E M 77:20,mcai770201.tif|
Lewis E M 77:21,mcai770211.tif|
Lewis E M 77:22,mcai770221.tif|
Lewis E M 77:23,mcai770231.tif|
Lewis E M 77:24,mcai770241.tif|
Lewis E M 77:25,mcai770251.tif|
Lewis E M 77:26,mcai770261.tif|
Lewis E M 77:27,mcai770271.tif|mcai770271.tif|
Lewis E M 77:28,mcai770281.tif|mcai770281.tif|
Lewis E M 77:29,mcai770291.tif|mcai770291.tif|
Lewis E M 77:30,mcai770301.tif|mcai770301.tif|
Lewis Add 1,mcaia00101.tif|mcaia00102.tif|
Lewis Add 2,mcaia00201.tif|mcaia00202.tif|
Lewis Add 3,mcaia00301.tif|mcaia00302.tif|
Lewis Add 4,mcaia00401.tif|
Lewis T1,mcat010011.tif|mcat010012.tif|
Lewis T2,mcat010021.tif|mcat010022.tif|
Lewis T3,mcat010031.tif|mcat010032.tif|
Lewis T4,mcat010041.tif|mcat010042.tif|
Lewis T5,mcat010051.tif|mcat010052.tif|mcat010053.tif|mcat010054.tif|
Lewis T6,mcat010061.tif|mcat010062.tif|
Lewis T7,mcat010071.tif|mcat010072.tif|mcat010073.tif|mcat010074.tif|
Lewis T8,mcat010081.tif|mcat010082.tif|
Lewis T9,mcat010091.tif|mcat010092.tif|mcat010093.tif|mcat010094.tif|mcat010095.tif|mcat010096.tif|
Lewis T10,mcat010101.tif|mcat010102.tif|
Lewis T11,mcat010111.tif|mcat010112.tif|
Lewis T12,mcat010121.tif|mcat010122.tif|
Lewis T13,mcat010131.tif|mcat010132.tif|
Lewis T14,mcat010141.tif|mcat010142.tif|
Lewis T15,mcat010151.tif|mcat010152.tif|
Lewis T16,mcat010161.tif|mcat010162.tif|
Lewis T17,mcat010171.tif|mcat010172.tif|
Lewis T18,mcat010181.tif|mcat010182.tif|
Lewis T19,mcat010191.tif|mcat010192.tif|
Lewis T20,mcat010201.tif|mcat010202.tif|
Lewis T21,mcat010211.tif|mcat010212.tif|
Lewis T22,mcat010221.tif|mcat010222.tif|
Lewis T23,mcat010231.tif|mcat010232.tif|
Lewis T24,mcat010241.tif|mcat010242.tif|
Lewis T25,mcat010251.tif|mcat010252.tif|
Lewis T26,mcat010261.tif|mcat010262.tif|
Lewis T27,mcat010271.tif|mcat010272.tif|mcat010273.tif|mcat010274.tif|
Lewis T28,mcat010281.tif|mcat010282.tif|
Lewis T29,mcat010291.tif|mcat010292.tif|
Lewis T30,mcat010301.tif|mcat010302.tif|
Lewis T31,mcat010311.tif|mcat010312.tif|
Lewis T32,mcat010321.tif|mcat010322.tif|
Lewis T33,mcat020331.tif|mcat020332.tif|mcat020333.tif|mcat020334.tif|
Lewis T34,mcat020341.tif|mcat020342.tif|mcat020343.tif|mcat020344.tif|
Lewis T35,mcat020351.tif|mcat020352.tif|
Lewis T36,mcat020361.tif|mcat020362.tif|
Lewis T37,mcat020371.tif|mcat020372.tif|
Lewis T38,mcat020381.tif|mcat020382.tif|
Lewis T39,mcat020391.tif|mcat020392.tif|mcat020393.tif|mcat020394.tif|
Lewis T40,mcat020401.tif|mcat020402.tif|mcat020403.tif|mcat020404.tif|
Lewis T42,mcat020421.tif|mcat020422.tif|mcat020423.tif|mcat020424.tif|
Lewis T43,mcat020431.tif|mcat020432.tif|
Lewis T44,mcat020441.tif|mcat020442.tif|
Lewis T45,mcat020451.tif|mcat020452.tif|
Lewis T46,mcat020461.tif|mcat020462.tif|
Lewis T47,mcat020471.tif|mcat020472.tif|mcat020473.tif|mcat020474.tif|
Lewis T48,mcat020481.tif|mcat020482.tif|mcat020483.tif|mcat020484.tif|
Lewis T49,mcat020491.tif|mcat020492.tif|mcat020493.tif|mcat020494.tif|mcat020495.tif|mcat020496.tif|mcat020497.tif|mcat020498.tif|
Lewis T50,mcat020501.tif|mcat020502.tif|
Lewis T51,mcat020511.tif|mcat020512.tif|
Lewis T52,mcat020521.tif|mcat020522.tif|mcat020523.tif|mcat020524.tif|
Lewis T53,mcat020531.tif|mcat020532.tif|
Lewis T54,mcat020541.tif|mcat020542.tif|
Lewis T55,mcat020551.tif|mcat020552.tif|
Lewis T56,mcat020561.tif|mcat020562.tif|
Lewis T57,mcat020571.tif|mcat020572.tif|
Lewis T58,mcat020581.tif|mcat020582.tif|
Lewis T59,mcat020591.tif|mcat020592.tif|
Lewis T60,mcat020601.tif|mcat020602.tif|
Lewis T61,mcat020611.tif|mcat020612.tif|
Lewis T62,mcat030621.tif|mcat030622.tif|
Lewis T63,mcat030631.tif|mcat030632.tif|
Lewis T64,mcat030641.tif|mcat030642.tif|
Lewis T65,mcat030651.tif|mcat030652.tif|mcat030653.tif|mcat030654.tif|
Lewis T66,mcat030661.tif|mcat030662.tif|
Lewis T67,mcat030671.tif|mcat030672.tif|mcat030673.tif|mcat030674.tif|
Lewis T68,mcat030681.tif|mcat030682.tif|
Lewis T69,mcat030691.tif|mcat030692.tif|
Lewis T70,mcat030701.tif|mcat030702.tif|
Lewis T71,mcat030711.tif|mcat030712.tif|mcat030713.tif|mcat030714.tif|mcat030715.tif|mcat030716.tif|mcat030717.tif|mcat030718.tif|
Lewis T72,mcat030721.tif|mcat030722.tif|mcat030723.tif|mcat030724.tif|
Lewis T73,mcat030731.tif|mcat030732.tif|
Lewis T74,mcat030741.tif|mcat030742.tif|
Lewis T75,mcat030751.tif|mcat030752.tif|
Lewis T76,mcat030761.tif|mcat030762.tif|
Lewis T77,mcat030771.tif|mcat030772.tif|
Lewis T78a,mcat030781.tif|mcat030782.tif|
Lewis T78b,mcat030783.tif|mcat030784.tif|
Lewis T79,mcat030791.tif|mcat030792.tif|
Lewis T80,mcat030801.tif|mcat030802.tif|
Lewis T81,mcat030811.tif|mcat030812.tif|mcat030813.tif|mcat030814.tif|
Lewis T82,mcat030821.tif|mcat030822.tif|
Lewis T83,mcat030831.tif|mcat030832.tif|
Lewis T84,mcat030841.tif|mcat030842.tif|mcat030843.tif|mcat030844.tif|
Lewis T86,mcat030861.tif|mcat030862.tif|
Lewis T87,mcat030871.tif|mcat030872.tif|
Lewis T88,mcat030881.tif|mcat030882.tif|
Lewis T89,mcat030891.tif|mcat030892.tif|mcat030893.tif|mcat030894.tif|
Lewis T90,mcat030901.tif|mcat030902.tif|
Lewis T91,mcat030911.tif|mcat030912.tif|
Lewis T92,mcat040921.tif|mcat040922.tif|
Lewis T93,mcat040931.tif|mcat040932.tif|
Lewis T94,mcat040941.tif|mcat040942.tif|
Lewis T95,mcat040951.tif|mcat040952.tif|
Lewis T96,mcat040961.tif|mcat040962.tif|mcat040963.tif|mcat040964.tif|
Lewis T97,mcat040971.tif|mcat040972.tif|
Lewis T98,mcat040981.tif|mcat040982.tif|
Lewis T99,mcat040991.tif|mcat040992.tif|
Lewis T100,mcat041001.tif|mcat041002.tif|
Lewis T101,mcat041011.tif|mcat041012.tif|
Lewis T102,mcat041021.tif|mcat041022.tif|
Lewis T103,mcat041031.tif|mcat041032.tif|
Lewis T104,mcat041041.tif|mcat041042.tif|
Lewis T105a,mcat041051.tif|mcat041052.tif|mcat041053.tif|mcat041054.tif|
Lewis T105b,mcat041055.tif|mcat041056.tif|
Lewis T106,mcat041061.tif|mcat041062.tif|
Lewis T107,mcat041071.tif|mcat041072.tif|
Lewis T108,mcat041081.tif|mcat041082.tif|
Lewis T109,mcat041091.tif|mcat041092.tif|
Lewis T110,mcat041101.tif|mcat041102.tif|
Lewis T111,mcat041111.tif|mcat041112.tif|
Lewis T112,mcat041121.tif|mcat041122.tif|
Lewis T113,mcat041131.tif|mcat041132.tif|mcat041133.tif|mcat041134.tif|
Lewis T114,mcat041141.tif|mcat041142.tif|mcat041143.tif|mcat041144.tif|
Lewis T115,mcat041151.tif|mcat041152.tif|
Lewis T116,mcat041161.tif|mcat041162.tif|mcat041163.tif|mcat041164.tif|
Lewis T117,mcat041171.tif|mcat041172.tif|mcat041173.tif|mcat041174.tif|
Lewis T118,mcat041181.tif|mcat041182.tif|
Lewis T119,mcat041191.tif|mcat041192.tif|
Lewis T120,mcat041201.tif|mcat041202.tif|
Lewis T121,mcat051211.tif|mcat051212.tif|
Lewis T126,mcat051261.tif|mcat051262.tif|mcat051263.tif|mcat051264.tif|
Lewis T127,mcat051271.tif|mcat051272.tif|
Lewis T128,mcat051281.tif|mcat051282.tif|mcat051283.tif|mcat051284.tif|
Lewis T129,mcat051291.tif|mcat051292.tif|mcat051293.tif|mcat051294.tif|
Lewis T130,mcat051301.tif|mcat051302.tif|mcat051303.tif|mcat051304.tif|
Lewis T131,mcat051311.tif|mcat051312.tif|mcat051313.tif|mcat051314.tif|mcat051315.tif|mcat051316.tif|mcat051317.tif|mcat051318.tif|
Lewis T132,mcat051321.tif|mcat051322.tif|mcat051323.tif|mcat051324.tif|mcat051325.tif|mcat051326.tif|mcat051327.tif|mcat051328.tif|
Lewis T133,mcat051331.tif|mcat051332.tif|
Lewis T134,mcat051341.tif|mcat051342.tif|
Lewis T135,mcat051351.tif|mcat051352.tif|mcat051353.tif|mcat051354.tif|
Lewis T136,mcat051361.tif|mcat051362.tif|mcat051363.tif|mcat051364.tif|
Lewis T137,mcat051371.tif|mcat051372.tif|
Lewis T138,mcat051381.tif|mcat051382.tif|mcat051383.tif|mcat051384.tif|
Lewis T139,mcat051391.tif|mcat051392.tif|mcat051393.tif|mcat051394.tif|
Lewis T140,mcat051401.tif|mcat051402.tif|
Lewis T141,mcat051411.tif|mcat051412.tif|
Lewis T142,mcat051421.tif|mcat051422.tif|
Lewis T143,mcat051431.tif|mcat051432.tif|
Lewis T144,mcat051441.tif|mcat051442.tif|
Lewis T145,mcat051451.tif|mcat051452.tif|
Lewis T146,mcat051461.tif|mcat051462.tif|
Lewis T147,mcat051471.tif|mcat051472.tif|
Lewis T148,mcat051481.tif|mcat051482.tif|mcat051483.tif|mcat051484.tif|
Lewis T149,mcat051491.tif|mcat051492.tif|
Lewis T150,mcat051501.tif|mcat051502.tif|
Lewis T122,mcat051521.tif|mcat051522.tif|
Lewis T123,mcat051531.tif|mcat051532.tif|mcat051533.tif|mcat051534.tif|
Lewis T124,mcat051541.tif|mcat051542.tif|
Lewis T125,mcat051551.tif|mcat051552.tif|
Lewis T151,mcat061511.tif|mcat061512.tif|
Lewis T152,mcat061521.tif|mcat061522.tif|mcat061523.tif|mcat061524.tif|
Lewis T153,mcat061531.tif|mcat061532.tif|
Lewis T154,mcat061541.tif|mcat061542.tif|
Lewis T155,mcat061551.tif|mcat061552.tif|mcat061553.tif|
Lewis T156,mcat061561.tif|mcat061562.tif|
Lewis T157,mcat061571.tif|mcat061572.tif|
Lewis T158,mcat061581.tif|mcat061582.tif|mcat061583.tif|mcat061584.tif|
Lewis T159,mcat061591.tif|mcat061592.tif|
Lewis T160,mcat061601.tif|mcat061602.tif|
Lewis T161,mcat061611.tif|mcat061612.tif|
Lewis T162,mcat061621.tif|mcat061622.tif|
Lewis T163,mcat061631.tif|mcat061632.tif|
Lewis T164,mcat061641.tif|mcat061642.tif|
Lewis T165,mcat061651.tif|mcat061652.tif|
Lewis T166,mcat061661.tif|mcat061662.tif|
Lewis T167,mcat061671.tif|mcat061672.tif|
Lewis T168,mcat061681.tif|mcat061682.tif|
Lewis T169,mcat061691.tif|mcat061692.tif|
Lewis T170,mcat061701.tif|mcat061702.tif|
Lewis T171,mcat061711.tif|mcat061711.tif|mcat061712.tif|
Lewis T172,mcat061721.tif|mcat061722.tif|mcat061723.tif|mcat061724.tif|
Lewis T173,mcat061731.tif|mcat061732.tif|
Lewis T174,mcat061741.tif|mcat061742.tif|
Lewis T175,mcat061751.tif|mcat061752.tif|
Lewis T176,mcat061761.tif|mcat061762.tif|
Lewis T177,mcat061771.tif|mcat061772.tif|
Lewis T178,mcat061781.tif|mcat061782.tif|
Lewis T179,mcat061791.tif|mcat061792.tif|mcat061793.tif|mcat061794.tif|
Lewis T180,mcat061801.tif|mcat061802.tif|
Lewis T181,mcat061811.tif|mcat061812.tif|
Lewis T182,mcat061821.tif|mcat061822.tif|
Lewis T183,mcat061831.tif|mcat061832.tif|
Lewis T184,mcat071841.tif|mcat071842.tif|
Lewis T185,mcat071851.tif|mcat071852.tif|
Lewis T186,mcat071861.tif|mcat071862.tif|
Lewis T187,mcat071871.tif|mcat071872.tif|
Lewis T188,mcat071881.tif|mcat071882.tif|
Lewis T189,mcat071891.tif|mcat071892.tif|
Lewis T190,mcat071901.tif|mcat071902.tif|
Lewis T191,mcat071911.tif|mcat071912.tif|mcat071913.tif|mcat071914.tif|
Lewis T192,mcat071921.tif|mcat071922.tif|
Lewis T193,mcat07193a.tif|mcat07193b.tif|mcat07193c.tif|mcat07193d.tif|mcat07193e.tif|mcat07193f.tif|mcat07193g.tif|mcat07193h.tif|mcat07193i.tif|mcat07193j.tif|mcat07193k.tif|mcat07193l.tif|
Lewis T194,mcat07194a.tif|mcat07194b.tif|mcat07194c.tif|mcat07194d.tif|mcat07194e.tif|mcat07194f.tif|mcat07194g.tif|mcat07194h.tif|mcat07194i.tif|mcat07194j.tif|mcat07194k.tif|mcat07194l.tif|mcat07194m.tif|mcat07194n.tif|mcat07194o.tif|mcat07194p.tif|mcat07194q.tif|mcat07194r.tif|
Lewis T195,mcat071951.tif|mcat071952.tif|
Lewis T196,mcat071961.tif|mcat071962.tif|
Lewis T197,mcat071971.tif|mcat071972.tif|
Lewis T198,mcat071981.tif|mcat071982.tif|
Lewis T199,mcat071991.tif|mcat071992.tif|mcat071993.tif|mcat071994.tif|
Lewis T200,mcat072001.tif|mcat072002.tif|mcat072003.tif|mcat072004.tif|
Lewis T201,mcat072011.tif|mcat072012.tif|mcat072013.tif|mcat072014.tif|
Lewis T202,mcat072021.tif|mcat072022.tif|mcat072023.tif|mcat072024.tif|
Lewis T203,mcat072031.tif|mcat072032.tif|
Lewis T204,mcat072041.tif|mcat072042.tif|
Lewis T205,mcat072051.tif|mcat072052.tif|
Lewis T206,mcat072061.tif|
Lewis T207,mcat072071.tif|
Lewis T208,mcat072081.tif|
Lewis T209,mcat072091.tif|
Lewis T210,mcat072101.tif|
Lewis T211,mcat072111.tif|mcat072112.tif|
Lewis T212,mcat072121.tif|
Lewis T213,mcat072131.tif|
Lewis T214,mcat072141.tif|
Lewis T215,mcat072151.tif|
Lewis T216,mcat072161.tif|
Lewis T217,mcat072171.tif|
Lewis T218,mcat072181.tif|
Lewis T219,mcat082191.tif|mcat082192.tif|
Lewis T220,mcat082201.tif|mcat082202.tif|
Lewis T221,mcat082211.tif|mcat082212.tif|
Lewis T222,mcat082221.tif|mcat082222.tif|
Lewis T223,mcat082231.tif|mcat082232.tif|
Lewis T224,mcat082241.tif|mcat082242.tif|
Lewis T225,mcat082251.tif|mcat082252.tif|
Lewis T226,mcat082261.tif|mcat082262.tif|
Lewis T227,mcat082271.tif|mcat082272.tif|
Lewis T228,mcat082281.tif|mcat082282.tif|
Lewis T229,mcat082291.tif|mcat082292.tif|
Lewis T230,mcat082301.tif|mcat082302.tif|
Lewis T231,mcat082311.tif|
Lewis T232,mcat082321.tif|mcat082322.tif|
Lewis T233,mcat082331.tif|mcat082332.tif|
Lewis T234,mcat082341.tif|
Lewis T235,mcat082351.tif|
Lewis T236,mcat082361.tif|mcat082362.tif|
Lewis T237,mcat082371.tif|mcat082372.tif|
Lewis T238,mcat082381.tif|mcat082382.tif|
Lewis T240,mcat082401.tif|
Lewis T241,mcat082411.tif|mcat082412.tif|mcat082413.tif|
Lewis T242,mcat082421.tif|mcat082422.tif|
Lewis T243,mcat082431.tif|mcat082432.tif|
Lewis T244,mcat082441.tif|
Lewis T245,mcat082451.tif|mcat082452.tif|
Lewis T246,mcat082461.tif|mcat082462.tif|
Lewis T247,mcat082471.tif|
Lewis T248,mcat082481.tif|
Lewis T249,mcat082491.tif|mcat082492.tif|
Lewis T250,mcat082501.tif|mcat082502.tif|
Lewis T251,mcat082511.tif|
Lewis T252,mcat082521.tif|mcat082522.tif|
Lewis T253,mcat082531.tif|mcat082532.tif|
Lewis T254,mcat082541.tif|mcat082542.tif|
Lewis T255,mcat082551.tif|
Lewis T256,mcat082561.tif|
Lewis T257,mcat082571.tif|mcat082572.tif|
Lewis T258,mcat082581.tif|
Lewis T259,mcat082591.tif|mcat082592.tif|
Lewis T260,mcat082601.tif|mcat082602.tif|
Lewis T261,mcat082611.tif|mcat082612.tif|
Lewis T262,mcat082621.tif|mcat082622.tif|
Lewis T263,mcat082631.tif|mcat082632.tif|
Lewis T264,mcat082641.tif|
Lewis T265,mcat082651.tif|
Lewis T266,mcat082661.tif|
Lewis T267,mcat082671.tif|
Lewis T268,mcat082681.tif|mcat082682.tif|
Lewis T269,mcat082691.tif|mcat082692.tif|
Lewis T270,mcat082701.tif|mcat082702.tif|
Lewis T271,mcat082711.tif|mcat082712.tif|
Lewis T272,mcat082721.tif|mcat082722.tif|
Lewis T273,mcat082731.tif|mcat082732.tif|
Lewis T274,mcat092741.tif|mcat092742.tif|mcat092743.tif|mcat092744.tif|mcat092745.tif|mcat092746.tif|mcat092747.tif|
Lewis T275,mcat092751.tif|mcat092752.tif|
Lewis T276,mcat092761.tif|mcat092762.tif|
Lewis T277,mcat092771.tif|mcat092772.tif|
Lewis T278,mcat092781.tif|
Lewis T449,mcat094491.tif|mcat094492.tif|
Lewis T450,mcat094501.tif|
Lewis T451,mcat094511.tif|mcat094512.tif|
Lewis T452,mcat094521.tif|mcat094522.tif|
Lewis T453,mcat094531.tif|mcat094532.tif|
Lewis T454,mcat094541.tif|mcat094542.tif|
Lewis T455,mcat094551.tif|mcat094552.tif|
Lewis T456,mcat094561.tif|mcat094562.tif|
Lewis T457,mcat094571.tif|mcat094572.tif|
Lewis T458,mcat094581.tif|
Lewis T459,mcat094591.tif|mcat094592.tif|
Lewis T460,mcat094601.tif|mcat094602.tif|
Lewis T461,mcat094611.tif|mcat094612.tif|
Lewis T462,mcat094621.tif|mcat094622.tif|
Lewis T463,mcat094631.tif|mcat094632.tif|
Lewis T464,mcat094641.tif|mcat094642.tif|
Lewis T465,mcat094651.tif|mcat094652.tif|
Lewis T469,mcat094691.tif|mcat094692.tif|mcat094693.tif|mcat094694.tif|
Lewis T470,mcat094701.tif|mcat094702.tif|
Lewis T471,mcat094711.tif|mcat094712.tif|
Lewis T472,mcat094721.tif|mcat094722.tif|
Lewis T473,mcat094731.tif|mcat094732.tif|
Lewis T474,mcat094741.tif|mcat094742.tif|
Lewis T475,mcat094751.tif|mcat094752.tif|
Lewis T476,mcat094761.tif|mcat094762.tif|
Lewis T477,mcat094771.tif|mcat094772.tif|
Lewis T478,mcat094781.tif|mcat094782.tif|
Lewis T479,mcat094791.tif|mcat094792.tif|
Lewis T480,mcat094801.tif|mcat094802.tif|
Lewis T481,mcat094811.tif|mcat094812.tif|
Lewis T482,mcat094821.tif|mcat094822.tif|mcat094823.tif|mcat094824.tif|
Lewis T483,mcat094831.tif|mcat094832.tif|
Lewis T484,mcat094841.tif|mcat094842.tif|
Lewis T485,mcat094851.tif|mcat094852.tif|
Lewis T496,mcat094961.tif|mcat094962.tif|mcat094963.tif|mcat094964.tif|
Lewis T497,mcat094971.tif|mcat094972.tif|mcat094973.tif|mcat094974.tif|
Lewis T498,mcat094981.tif|mcat094982.tif|
Lewis T499,mcat094991.tif|mcat094992.tif|
Lewis T500,mcat095001.tif|mcat095002.tif|
Lewis T501,mcat095011.tif|mcat095012.tif|
Lewis T502,mcat095021.tif|mcat095022.tif|mcat095023.tif|mcat095024.tif|
Lewis T503,mcat095031.tif|mcat095032.tif|
Lewis T504,mcat095041.tif|mcat095042.tif|
Lewis T505,mcat095051.tif|mcat095052.tif|mcat095053.tif|mcat095054.tif|
Lewis T41,mcat100411.tif|mcat100412.tif|mcat100413.tif|mcat100414.tif|
Lewis T85,mcat100851.tif|mcat100852.tif|
Lewis T239,mcat102391.tif|mcat102392.tif|
Lewis T279,mcat102791.tif|mcat102792.tif|
Lewis T280,mcat102801.tif|mcat102802.tif|
Lewis T281,mcat102811.tif|mcat102812.tif|mcat102813.tif|mcat102814.tif|
Lewis T282,mcat102821.tif|mcat102822.tif|mcat102823.tif|mcat102824.tif|
Lewis T283,mcat102831.tif|mcat102832.tif|
Lewis T284,mcat102841.tif|mcat102842.tif|mcat102843.tif|mcat102844.tif|
Lewis T285,mcat102851.tif|mcat102852.tif|
Lewis T286,mcat102861.tif|mcat102862.tif|
Lewis T287,mcat102871.tif|mcat102872.tif|
Lewis T288,mcat102881.tif|mcat102882.tif|mcat102883.tif|mcat102884.tif|
Lewis T289,mcat102891.tif|mcat102892.tif|
Lewis T290,mcat102901.tif|mcat102902.tif|
Lewis T291,mcat102911.tif|mcat102912.tif|
Lewis T292,mcat102921.tif|mcat102922.tif|
Lewis T293,mcat102931.tif|mcat102932.tif|
Lewis T294,mcat102941.tif|mcat102942.tif|
Lewis T295,mcat102951.tif|mcat102952.tif|
Lewis T296,mcat102961.tif|mcat102962.tif|
Lewis T297,mcat102971.tif|mcat102972.tif|
Lewis T298,mcat102981.tif|mcat102982.tif|
Lewis T299,mcat102991.tif|mcat102992.tif|
Lewis T300,mcat113001.tif|mcat113002.tif|mcat113003.tif|mcat113004.tif|
Lewis T301,mcat113011.tif|mcat113012.tif|
Lewis T302,mcat113021.tif|mcat113022.tif|
Lewis T303,mcat113031.tif|mcat113032.tif|
Lewis T304,mcat113041.tif|mcat113042.tif|
Lewis T305,mcat113051.tif|
Lewis T306,mcat113061.tif|mcat113062.tif|mcat113063.tif|mcat113064.tif|
Lewis T307,mcat113071.tif|mcat113072.tif|
Lewis T308,mcat113081.tif|mcat113082.tif|mcat113083.tif|mcat113084.tif|
Lewis T309,mcat113091.tif|mcat113092.tif|
Lewis T310,mcat113101.tif|mcat113102.tif|
Lewis T311,mcat113111.tif|mcat113112.tif|
Lewis T312,mcat11312a.tif|mcat11312b.tif|mcat11312c.tif|mcat11312d.tif|mcat11312e.tif|mcat11312f.tif|mcat11312g.tif|mcat11312h.tif|mcat11312i.tif|mcat11312j.tif|mcat11312k.tif|mcat11312l.tif|mcat11312m.tif|mcat11312n.tif|mcat11312o.tif|mcat11312p.tif|mcat11312q.tif|mcat11312r.tif|
Lewis T313,mcat11313a.tif|mcat11313b.tif|mcat11313c.tif|mcat11313d.tif|mcat11313e.tif|mcat11313f.tif|mcat11313g.tif|mcat11313h.tif|mcat11313i.tif|mcat11313j.tif|mcat11313k.tif|mcat11313l.tif|mcat11313m.tif|mcat11313n.tif|mcat11313o.tif|mcat11313p.tif|mcat11313q.tif|mcat11313r.tif|
Lewis T314,mcat113141.tif|mcat113142.tif|mcat113143.tif|mcat113144.tif|mcat113145.tif|mcat113146.tif|
Lewis T315,mcat11315a.tif|mcat11315b.tif|mcat11315c.tif|mcat11315d.tif|mcat11315e.tif|mcat11315f.tif|mcat11315g.tif|mcat11315h.tif|mcat11315i.tif|mcat11315j.tif|mcat11315k.tif|mcat11315l.tif|mcat11315m.tif|mcat11315n.tif|mcat11315o.tif|mcat11315p.tif|
Lewis T316,mcat11316a.tif|mcat11316b.tif|mcat11316c.tif|mcat11316d.tif|mcat11316e.tif|mcat11316f.tif|mcat11316g.tif|mcat11316h.tif|mcat11316i.tif|mcat11316j.tif|mcat11316k.tif|mcat11316l.tif|mcat11316m.tif|mcat11316n.tif|mcat11316o.tif|mcat11316p.tif|
Lewis T317,mcat113171.tif|mcat113172.tif|
Lewis T318,mcat113181.tif|mcat113182.tif|
Lewis T319,mcat113191.tif|mcat113192.tif|mcat113193.tif|mcat113194.tif|
Lewis T320,mcat113201.tif|mcat113202.tif|mcat113203.tif|mcat113204.tif|
Lewis T321,mcat113211.tif|mcat113212.tif|mcat113213.tif|mcat113214.tif|
Lewis T322,mcat113221.tif|mcat113222.tif|
Lewis T323,mcat113231.tif|mcat113232.tif|
Lewis T324,mcat123241.tif|mcat123242.tif|
Lewis T325,mcat123251.tif|mcat123252.tif|
Lewis T326,mcat123261.tif|mcat123262.tif|mcat123263.tif|mcat123264.tif|
Lewis T327,mcat123271.tif|mcat123272.tif|
Lewis T328,mcat123281.tif|mcat123282.tif|
Lewis T330,mcat123301.tif|mcat123302.tif|mcat123303.tif|mcat123304.tif|
Lewis T331,mcat123311.tif|mcat123312.tif|mcat123313.tif|mcat123314.tif|
Lewis T332,mcat123321.tif|mcat123321.tif|mcat123322.tif|
Lewis T333,mcat123331.tif|mcat123332.tif|
Lewis T334,mcat123341.tif|mcat123342.tif|
Lewis T335,mcat123351.tif|mcat123352.tif|
Lewis T336,mcat123361.tif|mcat123362.tif|
Lewis T337,mcat123371.tif|mcat123372.tif|
Lewis T338,mcat123381.tif|mcat123382.tif|mcat123383.tif|mcat123384.tif|
Lewis T339,mcat123391.tif|mcat123392.tif|
Lewis T340,mcat123401.tif|mcat123402.tif|
Lewis T341,mcat123411.tif|mcat123412.tif|
Lewis T342,mcat123421.tif|mcat123422.tif|
Lewis T343,mcat123431.tif|mcat123432.tif|
Lewis T344,mcat123441.tif|mcat123442.tif|
Lewis T345,mcat123451.tif|mcat123452.tif|mcat123453.tif|mcat123454.tif|
Lewis T346,mcat123461.tif|mcat123462.tif|
Lewis T347,mcat123471.tif|mcat123472.tif|mcat123473.tif|mcat123474.tif|
Lewis T348,mcat133481.tif|mcat133482.tif|
Lewis T349,mcat133491.tif|mcat133492.tif|
Lewis T350,mcat133501.tif|mcat133502.tif|
Lewis T351,mcat133511.tif|mcat133512.tif|mcat133513.tif|mcat133514.tif|
Lewis T352,mcat133521.tif|mcat133522.tif|
Lewis T353,mcat133531.tif|mcat133532.tif|
Lewis T354,mcat133541.tif|mcat133542.tif|
Lewis T355,mcat133551.tif|mcat133552.tif|
Lewis T356,mcat133561.tif|mcat133562.tif|
Lewis T357,mcat133571.tif|mcat133572.tif|mcat133573.tif|mcat133574.tif|
Lewis T358,mcat133581.tif|mcat133582.tif|
Lewis T359,mcat133591.tif|mcat133592.tif|
Lewis T360,mcat133601.tif|mcat133602.tif|
Lewis T361,mcat133611.tif|mcat133612.tif|
Lewis T362,mcat133621.tif|mcat133622.tif|
Lewis T363,mcat133631.tif|mcat133632.tif|
Lewis T364,mcat133641.tif|mcat133642.tif|
Lewis T365,mcat133651.tif|mcat133652.tif|
Lewis T366,mcat133661.tif|mcat133662.tif|
Lewis T367,mcat133671.tif|mcat133672.tif|
Lewis T368,mcat133681.tif|mcat133682.tif|
Lewis T369,mcat133691.tif|mcat133692.tif|
Lewis T370,mcat133701.tif|mcat133702.tif|
Lewis T371,mcat133711.tif|mcat133712.tif|
Lewis T372,mcat133721.tif|mcat133722.tif|
Lewis T373,mcat133731.tif|mcat133732.tif|mcat133733.tif|mcat133734.tif|
Lewis T374,mcat133741.tif|mcat133742.tif|
Lewis T375,mcat133751.tif|mcat133752.tif|
Lewis T376,mcat143761.tif|mcat143762.tif|
Lewis T377,mcat143771.tif|mcat143772.tif|mcat143773.tif|mcat143774.tif|
Lewis T378,mcat143781.tif|mcat143782.tif|mcat143783.tif|mcat143784.tif|
Lewis T379,mcat143791.tif|mcat143792.tif|mcat143793.tif|mcat143794.tif|
Lewis T380,mcat143801.tif|mcat143802.tif|
Lewis T381,mcat143811.tif|mcat143812.tif|
Lewis T382,mcat143821.tif|mcat143822.tif|
Lewis T383,mcat143831.tif|mcat143832.tif|mcat143833.tif|mcat143834.tif|
Lewis T384,mcat143841.tif|mcat143842.tif|
Lewis T385,mcat143851.tif|mcat143852.tif|
Lewis T386,mcat143861.tif|mcat143862.tif|
Lewis T387,mcat143871.tif|mcat143872.tif|
Lewis T388,mcat143881.tif|mcat143882.tif|
Lewis T389,mcat143891.tif|mcat143892.tif|
Lewis T390,mcat143901.tif|mcat143902.tif|
Lewis T391,mcat143911.tif|mcat143912.tif|
Lewis T392,mcat143921.tif|mcat143922.tif|
Lewis T393,mcat143931.tif|mcat143932.tif|
Lewis T394,mcat143941.tif|mcat143942.tif|mcat143943.tif|mcat143944.tif|
Lewis T395,mcat143951.tif|mcat143952.tif|
Lewis T396,mcat143961.tif|mcat143962.tif|mcat143963.tif|mcat143964.tif|
Lewis T397,mcat143971.tif|mcat143972.tif|
Lewis T398,mcat143981.tif|mcat143982.tif|mcat143983.tif|mcat143984.tif|mcat143985.tif|mcat143986.tif|
Lewis T399,mcat153991.tif|
Lewis T399a,mcat153992.tif|
Lewis T400,mcat154001.tif|
Lewis T401,mcat154011.tif|mcat154012.tif|
Lewis T402,mcat154021.tif|mcat154022.tif|
Lewis T403,mcat154031.tif|mcat154032.tif|mcat154033.tif|
Lewis T404,mcat154041.tif|mcat154042.tif|
Lewis T405,mcat154051.tif|mcat154052.tif|
Lewis T406,mcat154061.tif|
Lewis T407,mcat154071.tif|mcat154072.tif|
Lewis T408,mcat154081.tif|
Lewis T409,mcat154091.tif|
Lewis T410,mcat154101.tif|mcat154102.tif|
Lewis T486,mcat154861.tif|mcat154862.tif|
Lewis T487,mcat154871.tif|mcat154872.tif|
Lewis T488,mcat154881.tif|mcat154882.tif|mcat154883.tif|mcat154884.tif|
Lewis T489,mcat154891.tif|mcat154892.tif|
Lewis T490,mcat154901.tif|mcat154902.tif|
Lewis T491,mcat154911.tif|mcat154912.tif|
Lewis T492,mcat154921.tif|mcat154922.tif|
Lewis T493,mcat154931.tif|mcat154932.tif|
Lewis T494,mcat154941.tif|mcat154942.tif|
Lewis T506,mcat155061.tif|mcat155062.tif|mcat155063.tif|mcat155064.tif|
Lewis T507,mcat155071.tif|mcat155072.tif|mcat155073.tif|mcat155074.tif|
Lewis T508,mcat155081.tif|mcat155082.tif|
Lewis T509,mcat155091.tif|mcat155092.tif|
Lewis T510,mcat155101.tif|mcat155102.tif|mcat155103.tif|mcat155104.tif|
Lewis T511,mcat155111.tif|mcat155112.tif|
Lewis T329,mcat163291.tif|mcat163292.tif|
Lewis T329a,mcat163293.tif|mcat163294.tif|
Lewis T411,mcat164111.tif|mcat164112.tif|
Lewis T412,mcat164121.tif|mcat164122.tif|
Lewis T413,mcat164131.tif|mcat164132.tif|mcat164133.tif|mcat164134.tif|
Lewis T414,mcat164141.tif|mcat164142.tif|
Lewis T415,mcat164151.tif|mcat164152.tif|
Lewis T416,mcat164161.tif|mcat164162.tif|
Lewis T417,mcat164171.tif|mcat164172.tif|
Lewis T418,mcat164181.tif|mcat164182.tif|
Lewis T419,mcat164191.tif|mcat164192.tif|
Lewis T420,mcat164201.tif|mcat164202.tif|
Lewis T421,mcat164211.tif|mcat164212.tif|
Lewis T422,mcat164221.tif|mcat164222.tif|
Lewis T423,mcat164231.tif|mcat164232.tif|
Lewis T424,mcat164241.tif|mcat164242.tif|
Lewis T425,mcat164251.tif|mcat164252.tif|
Lewis T426,mcat164261.tif|mcat164262.tif|
Lewis T427,mcat164271.tif|mcat164272.tif|
Lewis T428,mcat164281.tif|mcat164282.tif|
Lewis T429,mcat164291.tif|mcat164292.tif|
Lewis T430,mcat164301.tif|mcat164302.tif|
Lewis T431,mcat164311.tif|mcat164312.tif|
Lewis T432,mcat164321.tif|mcat164322.tif|
Lewis T433,mcat164331.tif|mcat164332.tif|
Lewis T434,mcat164341.tif|mcat164342.tif|
Lewis T435,mcat164351.tif|mcat164352.tif|
Lewis T436,mcat164361.tif|mcat164362.tif|
Lewis T438,mcat164381.tif|mcat164382.tif|mcat164383.tif|mcat164384.tif|
Lewis T439,mcat164391.tif|mcat164392.tif|
Lewis T440,mcat164401.tif|mcat164402.tif|mcat164403.tif|mcat164404.tif|
Lewis T441,mcat164411.tif|mcat164412.tif|
Lewis T442,mcat164421.tif|mcat164422.tif|
Lewis T443,mcat164431.tif|mcat164432.tif|
Lewis T444,mcat164441.tif|mcat164442.tif|
Lewis T445,mcat164451.tif|mcat164452.tif|
Lewis T446,mcat164461.tif|mcat164462.tif|
Lewis T447,mcat164471.tif|mcat164472.tif|
Lewis T437,mcat164671.tif|mcat164672.tif|
Lewis T618,mcat174491.tif|mcat174492.tif|
Lewis T619,mcat174501.tif|mcat174502.tif|
Lewis T620,mcat174511.tif|mcat174512.tif|
Lewis T621,mcat174521.tif|mcat174522.tif|
Lewis T622,mcat174531.tif|mcat174532.tif|
Lewis T623,mcat174541.tif|mcat174542.tif|
Lewis T624,mcat174551.tif|mcat174552.tif|
Lewis T625,mcat174561.tif|mcat174562.tif|
Lewis T626,mcat174571.tif|mcat174572.tif|
Lewis T627,mcat174581.tif|mcat174582.tif|
Lewis T628,mcat174591.tif|mcat174592.tif|
Lewis T629,mcat174601.tif|mcat174602.tif|
Lewis T630,mcat174611.tif|mcat174612.tif|
Lewis T631,mcat174621.tif|mcat174622.tif|
Lewis T632,mcat174631.tif|mcat174632.tif|
Lewis T633,mcat174641.tif|mcat174642.tif|
Lewis T634,mcat174651.tif|mcat174652.tif|
Lewis T635,mcat174661.tif|mcat174662.tif|
Lewis T636,mcat174671.tif|mcat174672.tif|
Lewis T637,mcat174681.tif|mcat174682.tif|
Lewis T638,mcat174691.tif|mcat174692.tif|
Lewis T639,mcat174701.tif|mcat174702.tif|
Lewis T640,mcat174711.tif|mcat174712.tif|
Lewis T641,mcat174721.tif|mcat174722.tif|
Lewis T642,mcat174731.tif|mcat174732.tif|
Lewis T643,mcat174741.tif|mcat174742.tif|
Lewis T644,mcat174751.tif|mcat174752.tif|
Lewis T645,mcat174761.tif|mcat174762.tif|
Lewis T646,mcat174771.tif|mcat174772.tif|
Lewis T647,mcat174781.tif|mcat174782.tif|
Lewis T648,mcat174791.tif|mcat174792.tif|
Lewis T649,mcat174801.tif|mcat174802.tif|
Lewis T650,mcat174811.tif|mcat174812.tif|
Lewis T651,mcat174821.tif|mcat174822.tif|
Lewis T652,mcat174831.tif|mcat174832.tif|
Lewis T653,mcat174841.tif|mcat174842.tif|
Lewis T654,mcat174851.tif|mcat174852.tif|
Lewis T655,mcat174861.tif|mcat174862.tif|
Lewis T656,mcat174871.tif|mcat174872.tif|
Lewis T657,mcat174881.tif|mcat174882.tif|
Lewis T658,mcat184891.tif|mcat184892.tif|mcat184893.tif|mcat184894.tif|
Lewis T659,mcat184901.tif|mcat184902.tif|
Lewis T660,mcat184911.tif|mcat184912.tif|mcat184913.tif|mcat184914.tif|mcat184915.tif|mcat184916.tif|
Lewis T661,mcat184921.tif|mcat184922.tif|mcat184923.tif|mcat184924.tif|mcat184925.tif|mcat184926.tif|
Lewis T662,mcat184931.tif|mcat184932.tif|
Lewis T663,mcat184941.tif|mcat184942.tif|
Lewis T664,mcat184951.tif|mcat184952.tif|mcat184953.tif|mcat184954.tif|mcat184955.tif|mcat184956.tif|mcat184957.tif|mcat184958.tif|
Lewis T665,mcat18496a.tif|mcat18496b.tif|mcat18496c.tif|mcat18496d.tif|mcat18496e.tif|mcat18496f.tif|mcat18496g.tif|mcat18496h.tif|mcat18496i.tif|mcat18496j.tif|mcat18496k.tif|mcat18496l.tif|mcat18496m.tif|mcat18496n.tif|
Lewis T666,mcat184971.tif|mcat184972.tif|mcat184973.tif|mcat184974.tif|mcat184975.tif|mcat184976.tif|mcat184977.tif|mcat184978.tif|
Lewis T667,mcat184981.tif|mcat184982.tif|mcat184983.tif|mcat184984.tif|mcat184985.tif|mcat184986.tif|mcat184987.tif|mcat184988.tif|
Lewis T668,mcat184991.tif|mcat184992.tif|mcat184993.tif|mcat184994.tif|
Lewis T669,mcat185001.tif|mcat185002.tif|mcat185003.tif|mcat185004.tif|
Lewis T670,mcat185011.tif|mcat185012.tif|
Lewis T671,mcat185021.tif|mcat185022.tif|mcat185023.tif|
Lewis T672,mcat185031.tif|mcat185032.tif|
Lewis T673,mcat185041.tif|mcat185042.tif|
Lewis T674,mcat185051.tif|mcat185052.tif|
Lewis T675,mcat185061.tif|mcat185062.tif|
Lewis T676,mcat185071.tif|mcat185072.tif|mcat185073.tif|
Lewis T677,mcat185081.tif|mcat185082.tif|
Lewis T678,mcat185091.tif|
Lewis T679,mcat185101.tif|
Lewis T680,mcat185111.tif|
Lewis T512,mcat185121.tif|
Lewis T513,mcat185131.tif|
Lewis T514,mcat185141.tif|
Lewis T515,mcat185151.tif|
Lewis T516,mcat185161.tif|
Lewis T517,mcat185171.tif|
Lewis T518,mcat185181.tif|mcat185182.tif|
Lewis T519,mcat185191.tif|mcat185192.tif|
Lewis T520,mcat185201.tif|mcat185202.tif|
Lewis T521,mcat185211.tif|mcat185212.tif|
Lewis T522,mcat185221.tif|mcat185222.tif|
Lewis T523,mcat185231.tif|mcat185232.tif|
Lewis T524,mcat185241.tif|mcat185242.tif|
Lewis T525,mcat185251.tif|mcat185252.tif|
Lewis T466,mcat194661.tif|mcat194662.tif|
Lewis T467,mcat194671.tif|
Lewis T468,mcat194681.tif|
Lewis T526,mcat195261.tif|mcat195262.tif|
Lewis T527,mcat195271.tif|mcat195272.tif|
Lewis T528,mcat195281.tif|mcat195282.tif|
Lewis T529,mcat195291.tif|mcat195292.tif|
Lewis T530,mcat195301.tif|mcat195302.tif|
Lewis T531,mcat195311.tif|mcat195312.tif|
Lewis T532,mcat195321.tif|mcat195322.tif|
Lewis T533,mcat195331.tif|mcat195332.tif|
Lewis T534,mcat195341.tif|mcat195342.tif|
Lewis T535,mcat195351.tif|mcat195352.tif|
Lewis T536,mcat195361.tif|mcat195362.tif|
Lewis T537,mcat195371.tif|mcat195372.tif|
Lewis T538,mcat195381.tif|mcat195382.tif|
Lewis T539,mcat195391.tif|mcat195392.tif|
Lewis T540,mcat195401.tif|mcat195402.tif|
Lewis T541,mcat195411.tif|mcat195412.tif|
Lewis T542,mcat195421.tif|mcat195422.tif|
Lewis T543,mcat195431.tif|mcat195432.tif|
Lewis T544,mcat195441.tif|mcat195442.tif|
Lewis T545,mcat195451.tif|mcat195452.tif|
Lewis T546,mcat195461.tif|mcat195462.tif|
Lewis T547,mcat195471.tif|mcat195472.tif|
Lewis T548,mcat195481.tif|mcat195482.tif|
Lewis T549,mcat195491.tif|mcat195492.tif|
Lewis T550,mcat195501.tif|mcat195502.tif|
Lewis T551,mcat195511.tif|mcat195512.tif|
Lewis T552,mcat195521.tif|mcat195522.tif|
Lewis T553,mcat195531.tif|mcat195532.tif|
Lewis T554,mcat195541.tif|mcat195542.tif|
Lewis T555,mcat205551.tif|mcat205552.tif|
Lewis T556,mcat205561.tif|mcat205562.tif|
Lewis T557,mcat205571.tif|mcat205572.tif|
Lewis T558,mcat205581.tif|mcat205582.tif|
Lewis T559,mcat205591.tif|mcat205592.tif|mcat205593.tif|mcat205594.tif|
Lewis T560,mcat205601.tif|mcat205602.tif|mcat205603.tif|mcat205604.tif|
Lewis T561,mcat205611.tif|mcat205612.tif|mcat205613.tif|mcat205614.tif|
Lewis T562,mcat205621.tif|mcat205622.tif|mcat205623.tif|mcat205624.tif|
Lewis T563,mcat205631.tif|mcat205632.tif|
Lewis T564,mcat205641.tif|mcat205642.tif|
Lewis T565,mcat205651.tif|mcat205652.tif|
Lewis T566,mcat205661.tif|mcat205662.tif|
Lewis T567,mcat205671.tif|mcat205672.tif|
Lewis T572,mcat205721.tif|mcat205722.tif|
Lewis T568,mcat215681.tif|mcat215682.tif|
Lewis T569,mcat215691.tif|mcat215692.tif|
Lewis T570,mcat215701.tif|mcat215702.tif|mcat215703.tif|mcat215704.tif|
Lewis T571,mcat215711.tif|mcat215712.tif|
Lewis T573,mcat215731.tif|mcat215732.tif|
Lewis T574,mcat215741.tif|mcat215742.tif|
Lewis T575,mcat215751.tif|mcat215752.tif|mcat215753.tif|mcat215754.tif|
Lewis T576,mcat215761.tif|mcat215762.tif|mcat215763.tif|mcat215764.tif|mcat215765.tif|mcat215766.tif|mcat21576a.tif|mcat21576b.tif|mcat21576c.tif|mcat21576d.tif|mcat21576e.tif|mcat21576f.tif|mcat21576g.tif|mcat21576h.tif|mcat21576i.tif|mcat21576j.tif|mcat21576k.tif|mcat21576l.tif|mcat21576m.tif|mcat21576n.tif|mcat21576o.tif|mcat21576p.tif|mcat21576q.tif|mcat21576r.tif|mcat21576s.tif|mcat21576t.tif|mcat21576u.tif|mcat21576v.tif|mcat21576w.tif|mcat21576x.tif|mcat21576y.tif|mcat21576z.tif|
Lewis T577,mcat215771.tif|mcat215772.tif|
Lewis T578,mcat215781.tif|mcat215782.tif|